租金,押金,户型,面积,朝向,楼层,装修,类型,小区,街道,房屋编码,更新时间
1400,付1押1,1室0厅1卫,20平方米,朝南,中层(共18层),精装修,普通住宅,喜峰嘉园,河北 宁园街,3113269581751301,2023年07月16日
1400,付1押1,1室0厅1卫,35平方米,南北,低层(共7层),精装修,普通住宅,悦雅花园(AC区),AC区,3108231846667272,2023年07月16日
1500,付1押1,1室1厅1卫,50平方米,朝南,低层(共10层),精装修,普通住宅,盛庭名景花园,北辰 瑞景街,3113021702414349,2023年07月16日
2100,年付,2室1厅1卫,81平方米,南北,低层(共6层),精装修,普通住宅,滨河新苑,河东 富民路,3106253193831437,2023年07月16日
2000,付3押1,1室1厅1卫,68平方米,南北,低层(共17层),精装修,普通住宅,碧海鸿庭,塘沽 塘沽新村街,3110709670568968,2023年07月16日
1500,付1押1,1室0厅1卫,40平方米,朝南,低层(共18层),精装修,普通住宅,保富国际,西青 新梅江南,3111568279774212,2023年07月16日
1600,付3押1,2室1厅1卫,94平方米,南北,高层(共30层),精装修,普通住宅,远洋城滨悦花园,塘沽 胡家园街,3108767366029315,2023年07月16日
2550,付3押1,1室1厅1卫,48平方米,朝南,中层(共7层),精装修,普通住宅,金田花园,河北 望海楼街,3114440777113609,2023年07月16日
1700,付1押1,1室0厅1卫,40平方米,朝南,高层(共31层),精装修,普通住宅,王顶堤家园,西青 中北,3110382134352904,2023年07月16日
1400,付1押1,1室1厅1卫,35平方米,朝南,高层(共6层),精装修,普通住宅,流霞东里,红桥 西于庄街,3113218100912133,2023年07月16日
2200,付3押1,2室1厅1卫,91平方米,朝南,高层(共32层),精装修,普通住宅,贻成豪庭,塘沽 工农村街,3109284503035912,2023年07月16日
1600,付3押1,1室1厅1卫,69平方米,朝南,高层(共30层),精装修,普通住宅,远洋城滨愉花园,塘沽 胡家园街,3113403021026319,2023年07月16日
2150,付3押1,2室1厅1卫,83.1平方米,南北,中层(共6层),简单装修,普通住宅,先锋公寓,东丽 津塘路,3111894229574658,2023年07月16日
1550,付3押1,1室1厅1卫,38平方米,朝南,中层(共6层),简单装修,普通住宅,临营西里,河东 常州道,3077841359578121,2023年07月16日
1600,付3押1,2室1厅1卫,98平方米,南北,高层(共30层),精装修,普通住宅,远洋城滨悦花园,塘沽 胡家园街,3100629671157766,2023年07月16日
1500,付3押1,2室1厅1卫,77平方米,朝南,低层(共30层),精装修,普通住宅,星耀五洲澜海庄园,津南 津南八里台,3110477007020038,2023年07月16日
2000,付3押1,2室2厅1卫,92平方米,南北,高层(共32层),精装修,普通住宅,雅晟轩,津南 咸水沽,3107419530502145,2023年07月16日
2500,付1押1,2室1厅1卫,60平方米,南北,高层(共6层),精装修,普通住宅,华宁北里,南开 天拖南,3111763970972674,2023年07月16日
2000,付3押1,2室2厅1卫,74平方米,朝南,中层(共29层),精装修,普通住宅,晴景家园,塘沽 工农村街,3113385382126600,2023年07月16日
13000,付3押1,3室2厅1卫,113.8平方米,朝南,中层(共16层),精装修,普通住宅,格普澜轩,和平 新兴街,3113055645147140,2023年07月16日
1850,付3押1,2室1厅1卫,65平方米,东北,高层(共24层),精装修,普通住宅,富瀛洲花园,河北 建昌道街,3096387752221711,2023年07月16日
3000,付3押1,2室2厅1卫,91平方米,朝南,中层(共7层),精装修,普通住宅,盛海公寓,河北 光复道街,3110178317803524,2023年07月16日
1600,付3押1,2室1厅1卫,60平方米,南北,中层(共6层),简单装修,普通住宅,建昌里,河北 建昌道街,3105068281028613,2023年07月16日
2100,付1押1,1室1厅1卫,45平方米,朝南,低层(共10层),精装修,普通住宅,紫乐名轩,河东 一号桥,3104926430536717,2023年07月16日
7000,付3押1,2室1厅1卫,95平方米,朝南,中层(共41层),精装修,公寓,融创星河和平印,和平 南营门,2912590490983435,2023年07月16日
1300,付3押1,1室1厅1卫,38平方米,南北,高层(共6层),精装修,普通住宅,惠安里,塘沽 塘沽新村街,3110152170807311,2023年07月16日
2000,面议,1室1厅1卫,66.4平方米,朝南,中层(共28层),精装修,普通住宅,赵沽里新苑,东丽 大毕庄镇,3106309037268998,2023年07月16日
2000,面议,1室1厅1卫,47平方米,朝南,高层(共9层),精装修,普通住宅,第六大道俊东公寓,河东 上杭路,3111789909958657,2023年07月16日
2300,付3押1,2室2厅1卫,96.5平方米,朝南,高层(共18层),精装修,普通住宅,雪优花园,东丽 华明镇,3104999809965069,2023年07月16日
1500,付3押1,2室1厅1卫,83.7平方米,朝南,中层(共6层),精装修,普通住宅,红霞里(津南),津南,3101653949734927,2023年07月16日
4000,付3押1,2室1厅1卫,60平方米,南北,高层(共6层),精装修,普通住宅,健春里,河西 越秀路,3113448770167822,2023年07月16日
1300,付1押1,1室1厅1卫,35平方米,朝南,中层(共6层),精装修,普通住宅,梨秀园,西青 新梅江南,3107327446081550,2023年07月16日
2400,付3押1,2室1厅1卫,96平方米,南北,中层(共6层),精装修,普通住宅,侯台家园,西青 侯台,3110181916483586,2023年07月16日
1800,付1押1,1室1厅1卫,40平方米,南北,中层(共6层),精装修,普通住宅,晋宁北里,南开 天拖南,3086097443251205,2023年07月16日
2600,面议,3室2厅1卫,92平方米,南北,高层(共8层),精装修,普通住宅,龙湖天宸原著,津南 海河教育园区,3109295219563528,2023年07月16日
1600,付1押1,1室0厅1卫,33平方米,朝南,低层(共26层),精装修,普通住宅,中汇大厦,河北 鸿顺里街,3111813153382415,2023年07月16日
2400,付3押1,2室2厅1卫,95平方米,南北,低层(共22层),精装修,普通住宅,航天家园雅馨园,开发区 中新生态城,3113819482250240,2023年07月16日
1600,付3押1,1室1厅1卫,50平方米,南北,高层(共6层),精装修,普通住宅,千间宿舍二段,塘沽 新港街,3113068827828230,2023年07月16日
1900,付3押1,2室2厅1卫,99平方米,朝南,低层(共6层),简单装修,普通住宅,地丰里,西青 张家窝,3096269551312909,2023年07月16日
1500,半年付押1,1室1厅1卫,61.9平方米,朝南,高层(共6层),简单装修,普通住宅,詹滨西里社区,东丽 先锋路,3103065928752141,2023年07月16日
1900,付3押1,1室1厅1卫,64.2平方米,朝南,高层(共32层),精装修,普通住宅,嘉畅园,河北 建昌道街,3108763647008783,2023年07月16日
2000,付3押1,2室1厅0卫,67平方米,朝南,中层(共36层),精装修,普通住宅,碧春园,红桥 双环邨街,3103094693289984,2023年07月16日
3600,付3押1,3室2厅2卫,134平方米,南北,低层(共33层),精装修,普通住宅,金旭园,河东 鲁山道,3112985993110530,2023年07月16日
1900,付3押1,2室1厅1卫,75平方米,南北,高层(共15层),精装修,普通住宅,华润橡树湾芳润轩,东丽 华明镇,3100293211889667,2023年07月16日
4000,付3押1,2室2厅1卫,108平方米,朝南,中层(共18层),精装修,普通住宅,星月轩,开发区 第三大街,3106466671272965,2023年07月16日
1800,付3押1,1室1厅1卫,56平方米,南北,低层(共6层),精装修,普通住宅,康桥里,河北 建昌道街,3111910002859023,2023年07月16日
4200,付3押1,3室2厅2卫,124平方米,南北,中层(共8层),精装修,普通住宅,龙湖天宸原著,津南 海河教育园区,3026812332481551,2023年07月16日
2400,付3押1,2室1厅1卫,80平方米,朝南,低层(共31层),精装修,普通住宅,新城家园,塘沽 新港街,3106539865333762,2023年07月16日
5500,付3押1,3室1厅2卫,100平方米,南北,高层(共6层),精装修,普通住宅,寿安里,和平 新兴街,3113293638067210,2023年07月16日
6000,付3押1,2室1厅1卫,78.8平方米,朝南,中层(共61层),精装修,普通住宅,和平翰林公馆,和平 劝业场,3113837150346243,2023年07月16日
2000,付3押1,2室1厅1卫,80平方米,朝南,高层(共26层),简单装修,普通住宅,荣乐园,北辰 青光,3113108883366921,2023年07月16日
2200,付3押1,2室1厅1卫,86平方米,南北,高层(共33层),精装修,普通住宅,首创国际城,塘沽 工农村街,3106386885387268,2023年07月16日
2000,付3押1,2室2厅1卫,86平方米,朝南,高层(共18层),精装修,普通住宅,鲲贝园,开发区 中新生态城,3099431635722240,2023年07月16日
2400,付3押1,2室1厅1卫,95平方米,朝南,高层(共34层),精装修,普通住宅,晓镇家园,塘沽 工农村街,3086655907126284,2023年07月16日
4700,付3押1,1室1厅1卫,67.4平方米,朝南,高层(共49层),精装修,普通住宅,都会轩,和平 体育馆,3113850434755595,2023年07月16日
2300,付3押1,2室1厅1卫,79平方米,朝北,高层(共27层),简单装修,普通住宅,鸿正富贵嘉园,塘沽 新港街,3087908111883268,2023年07月16日
3500,付3押1,2室1厅1卫,54平方米,南北,中层(共6层),精装修,普通住宅,朝阳里(和平),和平,3110623077196803,2023年07月16日
3500,面议,2室2厅1卫,90.3平方米,南北,高层(共26层),精装修,其他,美域豪庭,西青 李七庄,3111656645058569,2023年07月16日
2100,面议,2室1厅1卫,104平方米,南北,高层(共6层),精装修,普通住宅,胜景花园,河北 新开河街,3104756680826884,2023年07月16日
3200,面议,2室1厅1卫,97.2平方米,南北,低层(共10层),精装修,普通住宅,春和仁居,河北 建昌道街,3111943948149772,2023年07月16日
2500,付3押1,3室1厅1卫,94.2平方米,朝南,高层(共22层),精装修,普通住宅,雪优花园,东丽 华明镇,3052250353983490,2023年07月16日
5200,付3押1,2室1厅1卫,98平方米,南北,低层(共7层),精装修,普通住宅,森淼公寓,河西 马场道,3113036123251720,2023年07月16日
1700,付1押1,1室0厅1卫,30平方米,朝南,低层(共30层),精装修,普通住宅,中储正荣栋境,河东 上杭路,3111679213298700,2023年07月16日
1500,面议,1室1厅1卫,30平方米,朝南,高层(共7层),简单装修,普通住宅,天环里,南开 万兴街,3100503112621061,2023年07月16日
1260,面议,1室1厅1卫,40平方米,朝南,高层(共6层),简单装修,普通住宅,宜鹏园,北辰 宜兴埠,3101816032371714,2023年07月16日
3000,付3押1,2室2厅1卫,124.2平方米,朝北,低层(共18层),精装修,普通住宅,阳光100国际新城东园,南开 体育中心,3105059415516169,2023年07月16日
1800,付3押1,1室1厅1卫,44平方米,朝南,低层(共11层),精装修,普通住宅,颐景公寓,东丽 空港经济区,3113464284553218,2023年07月16日
1650,付1押1,1室1厅1卫,30平方米,朝南,低层(共6层),精装修,普通住宅,水蓝花园,南开 水上公园,3101767051273231,2023年07月16日
1645,年付押1,1室1厅1卫,40平方米,朝南,低层(共7层),精装修,普通住宅,新城小区,河西 挂甲寺,3111995607540750,2023年07月16日
3300,付3押1,3室2厅2卫,149.5平方米,朝南,低层(共13层),精装修,公寓,颐景公寓,东丽 空港经济区,3112056892923914,2023年07月16日
1200,付3押1,2室2厅1卫,80平方米,朝南,中层(共33层),精装修,普通住宅,星耀五洲枫情阳光城,津南 津南八里台,3110479878347777,2023年07月16日
2200,面议,2室2厅1卫,110平方米,南北,低层(共16层),简单装修,普通住宅,碧海鸿庭,塘沽 塘沽新村街,3110524140674053,2023年07月16日
4200,付3押1,2室1厅1卫,59平方米,南北,中层(共7层),精装修,普通住宅,鸿记里,和平 劝业场,3110707729161230,2023年07月16日
3000,付3押1,2室2厅1卫,86.1平方米,南北,高层(共18层),精装修,普通住宅,意境兰庭,东丽 空港经济区,3103567924880391,2023年07月16日
1550,付1押1,1室0厅1卫,45平方米,朝南,低层(共25层),精装修,普通住宅,振业名邸,红桥 双环邨街,3100844879044612,2023年07月16日
15000,年付,5室2厅2卫,234平方米,南北,中层(共32层),精装修,普通住宅,恒大帝景,河东 富民路,2977115388226561,2023年07月16日
1700,付3押1,3室1厅1卫,90平方米,南北,高层(共34层),精装修,普通住宅,远洋城滨雅花园,塘沽 胡家园街,3110586597188615,2023年07月16日
1500,付3押1,2室1厅1卫,54.7平方米,南北,共5层,简单装修,普通住宅,渤海石油新村(三区),塘沽 渤海石油街,3110506317702153,2023年07月16日
10000,付3押1,4室2厅2卫,181平方米,南北,高层(共33层),精装修,其他,仁恒公园世纪,河西 梅江南,3109089661476873,2023年07月16日
1600,付3押1,2室1厅1卫,107.4平方米,南北,高层(共6层),简单装修,普通住宅,春江里,东丽 大毕庄镇,3077988323138569,2023年07月16日
2100,付3押1,2室1厅1卫,55平方米,南北,高层(共6层),精装修,普通住宅,贺福里,河西 柳林,3113532187368459,2023年07月16日
1800,付3押1,1室1厅1卫,39平方米,朝南,中层(共6层),精装修,普通住宅,河华里,塘沽 塘沽新村街,3107605202052102,2023年07月16日
1900,付3押1,2室1厅1卫,74.6平方米,朝南,中层(共31层),精装修,普通住宅,晴景家园,塘沽 工农村街,3108784015268879,2023年07月16日
1200,付3押1,2室2厅1卫,87.2平方米,朝南,低层(共32层),简单装修,普通住宅,大唐盛世观雅庭院,津南 津南八里台,3113343370927108,2023年07月16日
2000,付3押1,2室1厅1卫,64.7平方米,朝南,共5层,简单装修,普通住宅,泰山里, ,3103514471963648,2023年07月16日
1500,付3押1,2室1厅1卫,83.7平方米,朝南,中层(共6层),精装修,普通住宅,红霞里(津南),津南,3098948845116417,2023年07月16日
6000,付3押1,2室1厅1卫,111平方米,南北,中层(共6层),简单装修,普通住宅,德恩里,河西 桃园街,3111965850771471,2023年07月16日
2300,付3押1,2室1厅1卫,95平方米,朝南,中层(共34层),精装修,普通住宅,首创国际城,塘沽 工农村街,3093228583050247,2023年07月16日
2550,付3押1,2室1厅1卫,56平方米,朝南,高层(共7层),简单装修,普通住宅,兴河里小区,和平 新兴街,3110154221542415,2023年07月16日
1700,付1押1,1室1厅1卫,45平方米,朝南,低层(共19层),精装修,普通住宅,振业名邸,红桥 双环邨街,3113730286134287,2023年07月16日
2800,面议,2室1厅1卫,93平方米,南北,中层(共30层),精装修,普通住宅,悦海园,塘沽 解放路街,3100253846559750,2023年07月16日
3500,付3押1,1室2厅1卫,61.7平方米,东北,高层(共30层),简单装修,普通住宅,龙亭家园,南开 鼓楼,3114714208642063,2023年07月16日
5500,付3押1,3室2厅2卫,145平方米,南北,高层(共16层),精装修,普通住宅,水木天成临湾园,红桥 咸阳北路街,3104987930240008,2023年07月16日
1700,付1押1,1室1厅1卫,35平方米,朝南,低层(共23层),精装修,普通住宅,中储正荣栋境,河东 上杭路,3085017030745090,2023年07月16日
1700,付1押1,2室1厅1卫,30平方米,朝南,中层(共20层),精装修,普通住宅,大运河府,北辰 瑞景街,3114615030243341,2023年07月16日
2500,付1押1,2室1厅1卫,48.8平方米,南北,高层(共6层),精装修,普通住宅,鹤园北里,南开 王顶堤,3111739239652355,2023年07月16日
1600,付1押1,2室1厅1卫,60平方米,南北,中层(共6层),精装修,普通住宅,延安里,塘沽 向阳街,3046502122003465,2023年07月16日
4500,付1押1,3室1厅2卫,80.8平方米,南北,中层(共22层),精装修,普通住宅,金冠里,南开 王顶堤,3114484566958080,2023年07月16日
2700,付3押1,3室2厅1卫,89平方米,朝南,低层(共7层),精装修,普通住宅,阳光城未来悦,津南 海河教育园区,3101953756208143,2023年07月16日
1700,付3押1,1室1厅1卫,60平方米,南北,高层(共15层),精装修,普通住宅,和畅园(滨海),滨海,3111688229886985,2023年07月16日
2500,付3押1,2室2厅1卫,84平方米,南北,中层(共9层),精装修,普通住宅,宜禾美锦园,开发区 中新生态城,3109272995994635,2023年07月16日
2600,付3押1,1室1厅1卫,37.9平方米,朝西,中层(共7层),精装修,普通住宅,三合里,河西 马场道,3113447480777731,2023年07月16日
3600,面议,3室2厅2卫,118平方米,南北,低层(共13层),精装修,其他,融林园,东丽 张贵庄街,3107695422906368,2023年07月16日
1400,付1押1,1室1厅1卫,30平方米,朝南,高层(共12层),精装修,普通住宅,富力津门湖黛湖花园,西青 新梅江南,3106599098342407,2023年07月16日
1800,付1押1,1室1厅1卫,40平方米,朝南,低层(共11层),精装修,普通住宅,万科西华府博华苑,西青 中北,3088205799940096,2023年07月16日
1800,付1押1,1室1厅1卫,40平方米,朝南,低层(共11层),精装修,普通住宅,万科西华府博华苑,西青 中北,3087826288239620,2023年07月16日
1700,付3押1,2室1厅1卫,80平方米,朝南,高层(共25层),精装修,普通住宅,欣然苑,塘沽 北塘街,3114684088409100,2023年07月16日
1300,付1押1,1室0厅1卫,30平方米,朝南,低层(共10层),精装修,普通住宅,喜峰嘉园,河北 宁园街,3113148167708683,2023年07月16日
3500,付3押1,2室1厅1卫,77平方米,南北,高层(共7层),简单装修,普通住宅,新建村小区,和平 和平周边,3093237782848521,2023年07月15日
2500,付3押1,1室1厅1卫,42平方米,朝南,中层(共26层),精装修,普通住宅,融创奥城天玺,南开 体育中心,3103100442926090,2023年07月16日
560,付1押1,3室1厅1卫,16平方米,朝南,中层(共8层),精装修,普通住宅,旭辉燕南园,西青 精武,3055263453356041,2023年07月16日
2200,付3押1,3室2厅1卫,90平方米,朝南,中层(共32层),精装修,普通住宅,津南新城合安园,津南 咸水沽,3112289654498306,2023年07月16日
1600,付3押1,2室2厅1卫,70平方米,南北,共5层,简单装修,普通住宅,渤海石油新村(四区),塘沽 渤海石油街,3105926849798155,2023年07月16日
4980,付1押1,4室2厅2卫,244平方米,南北,低层(共27层),精装修,普通住宅,合生君景湾,开发区 第五大街,3114399343207427,2023年07月16日
7500,付3押1,2室1厅1卫,89.5平方米,西北,高层(共41层),豪华装修,普通住宅,融创星河和平印,和平 南营门,3021429158256654,2023年07月16日
3500,付3押1,2室1厅1卫,56平方米,朝南,共5层,精装修,普通住宅,竞业里, ,3109107770647558,2023年07月16日
2000,付3押1,2室1厅1卫,58.9平方米,南北,高层(共6层),精装修,普通住宅,吉祥里,塘沽 解放路街,3092261059354632,2023年07月16日
1500,付3押1,2室1厅1卫,90平方米,南北,中层(共26层),精装修,普通住宅,远洋城滨兴花园,滨海新区 滨海城区,3111983954059271,2023年07月16日
2800,付3押1,2室2厅1卫,87平方米,南北,低层(共29层),简单装修,普通住宅,雅仕兰庭,河东 富民路,3114767062227970,2023年07月16日
1200,付3押1,1室1厅1卫,60平方米,朝南,高层(共28层),简单装修,普通住宅,南仓新苑,北辰 北仓,3096299569029120,2023年07月16日
4000,付3押1,2室1厅1卫,59.8平方米,东西,中层(共6层),精装修,普通住宅,市政里小区,和平 南营门,3110209989780494,2023年07月16日
2600,付3押1,2室2厅1卫,100平方米,南北,高层(共24层),精装修,普通住宅,雪优花园,东丽 华明镇,3111838291403789,2023年07月15日
1500,付3押1,1室1厅1卫,62平方米,朝南,低层(共30层),精装修,普通住宅,盛泽园,北辰 青光,3112107918220300,2023年07月16日
2300,付3押1,2室2厅1卫,93平方米,南北,高层(共21层),精装修,普通住宅,鲲玉园,开发区 中新生态城,3101809469562882,2023年07月16日
6000,面议,1室1厅1卫,66.3平方米,东南,中层(共50层),精装修,普通住宅,都会轩,和平 体育馆,3109064266424334,2023年07月16日
4600,付3押1,2室2厅1卫,83.7平方米,东北,低层(共30层),精装修,普通住宅,尚佳新苑,南开 鼓楼,3110566125214727,2023年07月16日
2100,付3押1,1室1厅1卫,38平方米,朝南,中层(共17层),精装修,普通住宅,康达尚郡,南开 华苑,3113053069991950,2023年07月16日
2300,付3押1,2室1厅1卫,72.4平方米,朝南,中层(共24层),简单装修,普通住宅,贵贤里,河北 铁东路街,3097561593963526,2023年07月16日
2300,付3押1,2室1厅1卫,55平方米,朝南,高层(共6层),简单装修,普通住宅,益寿东里,河东 常州道,3113133226319887,2023年07月16日
1800,付1押1,1室1厅1卫,50平方米,朝南,高层(共20层),精装修,普通住宅,富民河畔家园,河东 富民路,3099122825863177,2023年07月16日
3000,付3押1,2室2厅1卫,93平方米,南北,高层(共30层),精装修,普通住宅,大津城臻品,西青 李七庄,3097424233897985,2023年07月16日
800,付1押1,3室1厅2卫,32平方米,朝南,低层(共21层),精装修,普通住宅,贻欣园,开发区 第一大街,3091721461260294,2023年07月16日
7000,付3押1,2室1厅1卫,90.8平方米,东南,低层(共31层),精装修,普通住宅,金德园,和平 南营门,3106174167049231,2023年07月16日
750,付1押1,3室1厅1卫,19.8平方米,朝南,低层(共6层),精装修,普通住宅,赛园里,河北 宁园街,3110035747185676,2023年07月16日
3300,付3押1,2室2厅1卫,93.3平方米,南北,低层(共26层),精装修,普通住宅,美域豪庭,西青 李七庄,3098843120656385,2023年07月15日
3500,付3押1,2室2厅1卫,90.3平方米,朝南,高层(共26层),精装修,普通住宅,美域豪庭,西青 李七庄,3110503872766978,2023年07月16日
2800,付3押1,2室1厅1卫,88平方米,南北,高层(共33层),精装修,普通住宅,万海华府北苑,滨海新区 滨海城区,3108776305220621,2023年07月16日
7000,付3押1,3室1厅2卫,115.7平方米,南北,高层(共7层),精装修,普通住宅,尚府云台花园,和平 劝业场,3114513679541249,2023年07月16日
650,付1押1,3室1厅1卫,20平方米,朝南,中层(共24层),精装修,普通住宅,欣荣馨苑,河东 春华街,3112966488892420,2023年07月16日
4500,付3押1,3室2厅2卫,140平方米,南北,高层(共11层),精装修,普通住宅,海韵园(塘沽),塘沽,3103211849801738,2023年07月16日
3200,付3押1,2室1厅1卫,93平方米,南北,低层(共30层),精装修,普通住宅,悦海园,塘沽 解放路街,3108826509451274,2023年07月16日
2000,面议,2室2厅1卫,96.8平方米,南北,高层(共6层),简单装修,普通住宅,中盛里,西青 李七庄,3049288672599040,2023年07月16日
850,付1押1,3室1厅2卫,30平方米,朝南,中层(共21层),精装修,普通住宅,世富嘉园,开发区 第二大街,3110602034371597,2023年07月16日
788,付1押1,3室1厅2卫,25平方米,朝南,中层(共12层),精装修,普通住宅,泰达新天地,开发区 第二大街,3094619510776833,2023年07月16日
850,付1押1,3室1厅1卫,20平方米,朝南,高层(共35层),精装修,普通住宅,盈秀园,南开 天拖南,3113422891817988,2023年07月16日
2700,面议,1室1厅1卫,45平方米,朝南,中层(共26层),精装修,普通住宅,融创奥城天玺,南开 体育中心,3105974690831374,2023年07月14日
750,付1押1,3室2厅2卫,15平方米,南北,高层(共6层),精装修,普通住宅,龙居花园三区,西青 大寺,3108901497281546,2023年07月14日
7300,付3押1,2室2厅1卫,92平方米,西北,高层(共41层),精装修,公寓,融创星河和平印,和平 南营门,3111906632360964,2023年07月16日
2200,付3押1,2室2厅1卫,94.1平方米,南北,高层(共34层),精装修,普通住宅,嘉安园,塘沽 工农村街,3110655034204171,2023年07月16日
8300,付3押1,3室2厅2卫,158.7平方米,南北,中层(共28层),豪华装修,普通住宅,天越园,南开 鼓楼,3069127708877829,2023年07月16日
2000,付3押1,1室1厅1卫,39平方米,朝南,高层(共7层),简单装修,普通住宅,卫安中里,南开 广开街,3112014568711171,2023年07月16日
2500,付3押1,1室1厅1卫,39.2平方米,朝南,高层(共6层),简单装修,普通住宅,信华楼,和平 南营门,3113346912934921,2023年07月16日
1600,付3押1,1室1厅1卫,24.5平方米,朝北,高层(共7层),简单装修,普通住宅,新义信里,河东 大王庄,3086075324668941,2023年07月16日
2600,付3押1,1室1厅1卫,44.6平方米,南北,高层(共6层),简单装修,普通住宅,群富里,南开 万兴街,3106613775981571,2023年07月16日
1800,付3押1,1室1厅1卫,28.3平方米,朝东,高层(共7层),简单装修,普通住宅,卫安中里,南开 广开街,3083267742310415,2023年07月15日
2200,付3押1,2室1厅1卫,25.4平方米,南北,共5层,简单装修,普通住宅,育红楼, ,3113043371580423,2023年07月16日
2000,付3押1,2室1厅1卫,103.3平方米,朝北,高层(共6层),简单装修,普通住宅,人民家园,红桥 双环邨街,3114737426456584,2023年07月16日
2600,面议,2室1厅1卫,43平方米,朝东,高层(共7层),简单装修,普通住宅,珠波里,河西 越秀路,3113496688238592,2023年07月16日
1900,付3押1,1室1厅1卫,36.9平方米,朝南,共5层,简单装修,普通住宅,新闻里, ,3113292425847823,2023年07月16日
3700,付3押1,2室1厅1卫,65.5平方米,朝南,高层(共6层),简单装修,普通住宅,怀远里,和平 南市,3107966798028800,2023年07月16日
2000,付3押1,1室1厅1卫,35平方米,朝南,中层(共8层),简单装修,普通住宅,元兴新里,河西 桃园街,3113097833896963,2023年07月16日
1400,付3押1,1室0厅1卫,22.4平方米,朝南,中层(共6层),简单装修,普通住宅,本溪楼,红桥 咸阳北路街,3114552463138820,2023年07月16日
1600,付3押1,2室1厅1卫,60平方米,朝南,高层(共6层),简单装修,普通住宅,金华里(东丽),东丽,3114469538423815,2023年07月16日
1700,面议,1室1厅1卫,37.6平方米,朝南,高层(共6层),简单装修,普通住宅,前程里(河西),河西,3114758549134340,2023年07月16日
1700,付3押1,1室1厅1卫,42.1平方米,朝东,高层(共7层),简单装修,普通住宅,拥军里,南开 向阳路,3113495534740483,2023年07月16日
1750,付3押1,2室1厅1卫,61平方米,朝南,高层(共6层),简单装修,普通住宅,景致里,河西 柳林,3112017800781838,2023年07月16日
1600,付3押1,1室1厅1卫,62.9平方米,朝南,中层(共6层),简单装修,普通住宅,万达新城普旺里,北辰 普东街,3114710567396365,2023年07月16日
2600,付3押1,2室1厅1卫,52.7平方米,南北,共5层,简单装修,普通住宅,环湖西里(南区),河西 天塔,3114441722847232,2023年07月16日
2000,付3押1,2室1厅1卫,43.6平方米,东南,高层(共6层),简单装修,普通住宅,临潼西里,南开 长虹街,3112072394843139,2023年07月16日
2000,付3押1,1室1厅1卫,71.3平方米,朝西,高层(共6层),简单装修,普通住宅,锦西南里,红桥 咸阳北路街,3111883274413059,2023年07月16日
1700,付3押1,1室1厅1卫,42.4平方米,朝东,低层(共7层),简单装修,普通住宅,林容里,河北 光复道街,3113104906411013,2023年07月15日
1600,付3押1,1室1厅1卫,38平方米,朝东,低层(共6层),简单装修,普通住宅,月秋里,河北 鸿顺里街,3110556376458240,2023年07月16日
1600,付3押1,1室1厅1卫,49.5平方米,朝南,低层(共7层),简单装修,普通住宅,雅美里,南开 长虹街,3114843774411782,2023年07月16日
1400,付3押1,1室1厅1卫,47平方米,朝南,高层(共7层),简单装修,普通住宅,中山门东里,河东 中山门,3111701556289551,2023年07月15日,1400,付3押1,1室1厅1卫,47平方米,朝南,高层(共7层),简单装修,普通住宅,中山门东里,河东 中山门,3111701556289551,2023年07月15日
1000,付3押1,2室1厅1卫,83平方米,朝南,中层(共6层),简单装修,普通住宅,红霞里(津南),津南,3114464856645639,2023年07月16日
3700,付3押1,3室2厅1卫,106平方米,南北,高层(共7层),简单装修,普通住宅,米兰弘丽园,红桥 芥园街,3111864880259072,2023年07月16日
2400,付3押1,2室1厅1卫,68.5平方米,朝东,高层(共7层),简单装修,普通住宅,昆璞里,河北 鸿顺里街,3114531142443023,2023年07月16日
1600,付3押1,1室1厅1卫,26.9平方米,朝南,低层(共7层),简单装修,普通住宅,文苑楼,河西 友谊路,3112159306966031,2023年07月16日
1700,付3押1,1室1厅1卫,68平方米,朝南,高层(共6层),简单装修,普通住宅,植园里,南开 八里台,3112014812848141,2023年07月16日
2100,付3押1,2室1厅1卫,60平方米,朝南,高层(共6层),简单装修,普通住宅,佳园南里,红桥 双环邨街,3113422849500167,2023年07月16日
3900,付3押1,2室1厅1卫,80平方米,东西,低层(共6层),简单装修,普通住宅,卫华里(和平),和平,3114509561895951,2023年07月16日
2100,付3押1,2室1厅1卫,78平方米,朝南,低层(共6层),简单装修,普通住宅,宸宜花园,北辰 普东街,3113554419522567,2023年07月16日
5800,面议,4室1厅2卫,133.6平方米,南北,共1层,简单装修,普通住宅,金典花园, ,3112116800086029,2023年07月16日
1300,付3押1,2室2厅1卫,110平方米,南北,共5层,简单装修,普通住宅,九通家园, ,3111716785708039,2023年07月16日
1450,付3押1,2室1厅1卫,55.9平方米,南北,高层(共6层),简单装修,普通住宅,昌图楼,红桥 咸阳北路街,3111655632134153,2023年07月16日
2900,付3押1,3室1厅2卫,180平方米,南北,低层(共6层),简单装修,普通住宅,翠涛里,北辰 宜兴埠,3113283408763919,2023年07月16日
2200,付3押1,1室1厅1卫,46.8平方米,南北,低层(共6层),简单装修,普通住宅,金波里,河北 望海楼街,3111691312521219,2023年07月16日
650,面议,1室1厅1卫,76平方米,南北,中层(共6层),简单装修,普通住宅,宝鑫景苑,宝坻 海滨街,3111872416325641,2023年07月16日
1450,付3押1,1室1厅1卫,39平方米,朝南,高层(共6层),简单装修,普通住宅,振宜里,河北 铁东路街,3111806583480321,2023年07月16日
2400,付3押1,2室1厅1卫,42.5平方米,朝东,高层(共7层),简单装修,普通住宅,珠波里,河西 越秀路,3100304957170694,2023年07月16日
1800,付3押1,1室1厅1卫,43.2平方米,南北,高层(共7层),简单装修,普通住宅,荣兴温泉公寓,河东 大直沽,3114772456315910,2023年07月16日
2500,付3押1,2室1厅1卫,31平方米,朝东,中层(共7层),简单装修,普通住宅,积庆里,河西 大营门,3112065656495106,2023年07月16日
3200,付3押1,1室1厅1卫,53平方米,东南,低层(共32层),简单装修,普通住宅,吉利花园,和平 南营门,3114669214768140,2023年07月16日
1620,付3押1,1室1厅1卫,49平方米,朝南,高层(共6层),简单装修,普通住宅,佳宁里,红桥 双环邨街,3111636997020686,2023年07月16日
1800,付3押1,2室1厅1卫,53.9平方米,朝东,高层(共6层),简单装修,普通住宅,日远里,河北 鸿顺里街,3111696161643535,2023年07月15日
1400,付3押1,1室1厅1卫,36.9平方米,朝东,中层(共8层),简单装修,普通住宅,新城小区,河西 挂甲寺,3113399710048265,2023年07月16日
1900,付3押1,1室1厅1卫,38平方米,南北,高层(共6层),简单装修,普通住宅,堤东里,南开 王顶堤,3111828111942662,2023年07月16日
1600,面议,1室1厅1卫,43.2平方米,西北,高层(共7层),简单装修,普通住宅,宫前园,河东 大直沽,3114750725185547,2023年07月16日
1300,面议,3室2厅1卫,70平方米,朝南,共5层,简单装修,其他,香港建鑫城, ,3113027991068684,2023年07月16日
1700,付3押1,1室1厅1卫,41平方米,朝南,高层(共8层),简单装修,普通住宅,新城小区,河西 挂甲寺,3045411074628616,2023年07月16日
8500,付3押1,1室0厅1卫,47.1平方米,南北,共3层,精装修,普通住宅,马场道小区(40-56号)(和平),和平,3022821415034885,2023年07月16日
2000,付3押1,1室1厅1卫,46平方米,朝东,高层(共6层),简单装修,普通住宅,义兴里,南开 万兴街,3113293774267397,2023年07月16日
1650,付3押1,1室1厅1卫,24.9平方米,朝南,中层(共6层),简单装修,普通住宅,临平里,南开 向阳路,3039819496955905,2023年07月16日
1400,付1押1,1室1厅1卫,33平方米,朝南,高层(共6层),简单装修,普通住宅,靖泰里,河东 常州道,3112108420619269,2023年07月15日
870,付1押1,1室1厅1卫,43平方米,朝南,共5层,简单装修,普通住宅,光明里(津南),津南 咸水沽,3111687769891846,2023年07月16日
1800,付3押1,1室1厅1卫,34.9平方米,朝南,中层(共8层),简单装修,普通住宅,红波里,河西 越秀路,3114721525669897,2023年07月16日
1800,付3押1,1室1厅1卫,61平方米,东西,中层(共6层),简单装修,普通住宅,佳宁里,红桥 双环邨街,3111855921667084,2023年07月16日
1250,年付押1,1室1厅1卫,70平方米,南北,高层(共11层),简单装修,普通住宅,金河家园,东丽 大毕庄镇,3114556898549775,2023年07月16日
1300,付3押1,1室1厅1卫,69.8平方米,南北,高层(共6层),简单装修,普通住宅,万新公寓,东丽 程林街,3111908194917391,2023年07月16日
1300,付3押1,2室1厅1卫,86平方米,南北,高层(共6层),简单装修,普通住宅,安达里(滨海),滨海,3111924800871432,2023年07月16日
3500,付3押1,2室2厅1卫,53.2平方米,朝北,低层(共6层),简单装修,普通住宅,港建里,河西 大营门,3114620753714179,2023年07月16日
1800,付3押1,1室1厅1卫,40.3平方米,朝南,低层(共6层),简单装修,普通住宅,西园南里,河西 友谊路,3113188418347014,2023年07月15日
1300,半年付押1,2室1厅1卫,89平方米,南北,中层(共6层),简单装修,普通住宅,华盛里(东丽),东丽,3114664631854095,2023年07月16日
1600,付3押1,1室1厅1卫,57.4平方米,南北,中层(共6层),简单装修,普通住宅,长平西里,红桥 丁字沽街,3114546388673537,2023年07月16日
1900,付3押1,1室1厅1卫,63.6平方米,东南,中层(共28层),简单装修,普通住宅,通达新苑,河北 江都路街,3112995349618689,2023年07月16日
850,半年付,1室1厅1卫,44.5平方米,朝南,低层(共6层),简单装修,普通住宅,王园北里家园公寓,汉沽 汉沽街,2986084575468550,2023年07月16日
1600,付3押1,1室1厅1卫,23.9平方米,朝东,高层(共8层),简单装修,普通住宅,新城小区,河西 挂甲寺,3063531646786569,2023年07月16日
1300,付3押1,1室1厅1卫,36.9平方米,朝南,共4层,简单装修,普通住宅,兴华里(塘沽),塘沽 杭州道街,3113186864357383,2023年07月15日
1300,付3押1,1室1厅1卫,22平方米,朝南,共5层,简单装修,普通住宅,双山里, ,3113588433903623,2023年07月16日
1400,付3押1,2室1厅1卫,50平方米,朝南,共5层,简单装修,普通住宅,粤江里, ,3110298244210701,2023年07月16日
650,付1押1,1室0厅1卫,40平方米,南北,高层(共11层),简单装修, ,惠昊商住,武清 杨村街,3113185580524551,2023年07月16日
1300,付3押1,3室2厅1卫,110平方米,南北,高层(共6层),简单装修,普通住宅,育才里(津南),津南,3112040653167621,2023年07月15日
2000,付3押1,2室1厅1卫,71平方米,南北,中层(共6层),简单装修,普通住宅,映日嘉园,河东 二号桥,3113004106899469,2023年07月16日
2500,付3押1,2室1厅1卫,60平方米,南北,高层(共6层),简单装修,普通住宅,宾水北里,河西 天塔,3111955322756100,2023年07月16日
1300,付3押1,2室1厅1卫,76.5平方米,南北,中层(共6层),简单装修,普通住宅,城际美景,北辰 双街镇,3012986390733827,2023年07月15日
1800,付3押1,1室1厅1卫,42平方米,朝东,中层(共7层),简单装修,普通住宅,元吉里,河北 鸿顺里街,3106050829607942,2023年07月16日
1300,面议,3室2厅1卫,106平方米,朝南,高层(共6层),简单装修,普通住宅,广厦西里,武清 杨村街,3111799929364492,2023年07月16日
1400,付3押1,1室1厅1卫,56.2平方米,朝南,高层(共6层),简单装修,普通住宅,燕宇新城,红桥 西沽街,3114740444816399,2023年07月16日
1300,面议,2室2厅1卫,94.5平方米,南北,低层(共11层),简单装修,普通住宅,天锦园,宝坻 海滨街,3113227021952015,2023年07月16日
1900,付3押1,1室1厅1卫,35平方米,朝西,中层(共8层),简单装修,普通住宅,西楼北里,河西 桃园街,3114481949580298,2023年07月16日
2500,面议,1室1厅1卫,60平方米,朝南,高层(共7层),简单装修,普通住宅,景湖里,南开 学府街,3112208829848584,2023年07月16日
2300,付3押1,1室1厅1卫,68平方米,朝南,高层(共6层),简单装修,普通住宅,水蓝花园,南开 水上公园,3114687172468748,2023年07月16日
2500,付3押1,2室1厅1卫,60平方米,朝北,高层(共7层),简单装修,普通住宅,卫安南里,南开 广开街,3112078890180616,2023年07月16日
1800,付3押1,1室1厅1卫,21.3平方米,朝南,共5层,简单装修,普通住宅,平湖东里, ,3114557976879106,2023年07月16日
1500,半年付押1,2室1厅1卫,90平方米,南北,低层(共11层),简单装修,普通住宅,金河家园,东丽 大毕庄镇,3113179187504130,2023年07月16日
1900,付3押1,1室1厅1卫,41.4平方米,朝南,中层(共7层),简单装修,普通住宅,昆璞里,河北 鸿顺里街,3113217794743305,2023年07月16日
1350,付3押1,1室1厅1卫,31平方米,朝南,共5层,简单装修,普通住宅,朝阳新村, ,3093766667377667,2023年07月16日
1600,面议,1室1厅1卫,52平方米,朝北,低层(共6层),简单装修,普通住宅,舒园里,河北 宁园街,3114691086818316,2023年07月16日
1900,付3押1,1室1厅1卫,40平方米,朝南,低层(共6层),简单装修,普通住宅,康华里,红桥 铃铛阁街,3114837879233549,2023年07月16日,1900,付1押1,1室1厅1卫,40平方米,朝南,低层(共6层),精装修,普通住宅,康华里,红桥 铃铛阁街,3114837879233549,2023年07月16日
1500,付3押1,1室1厅1卫,32.4平方米,东南,中层(共7层),简单装修,普通住宅,隆新里,河北 光复道街,3113287564338188,2023年07月16日
1400,面议,2室1厅1卫,75平方米,朝南,中层(共11层),简单装修,普通住宅,风雅苑,北辰 大张庄镇,3113001939771401,2023年07月16日
1700,付3押1,1室1厅1卫,34平方米,朝北,中层(共7层),简单装修,普通住宅,同发里(和平),和平,3114886000500739,2023年07月16日,1700,付3押1,1室1厅1卫,34平方米,朝北,中层(共7层),简单装修,普通住宅,同发里(和平),和平,3114886000500739,2023年07月16日
2600,付3押1,2室1厅1卫,55平方米,朝南,中层(共6层),简单装修,普通住宅,风湖里,南开 学府街,3114557632764931,2023年07月16日,2600,付3押1,2室1厅1卫,55平方米,朝南,中层(共6层),简单装修,普通住宅,风湖里,南开 学府街,3114557632764931,2023年07月16日
950,半年付,1室1厅1卫,60平方米,朝南,共4层,简单装修,普通住宅,荷信苑, ,3111912234345474,2023年07月15日
1300,付3押1,1室1厅1卫,37.3平方米,朝南,高层(共7层),简单装修,普通住宅,西青道楼,红桥 卲公庄街,3114748864865292,2023年07月16日
2000,付3押1,1室1厅1卫,53.3平方米,南北,高层(共7层),简单装修,普通住宅,雅云里,南开 长虹街,3111618374900745,2023年07月16日
900,付3押1,2室1厅1卫,52平方米,南北,共3层,精装修,普通住宅,九龙里, ,3112140707159045,2023年07月16日
1500,付3押1,1室1厅1卫,33平方米,朝东,高层(共7层),简单装修,普通住宅,新城小区,河西 挂甲寺,3039471810733067,2023年07月16日
1300,付3押1,3室2厅2卫,105平方米,南北,低层(共8层),简单装修,普通住宅,中昂安纳西小镇,静海 团泊镇,3114853129151489,2023年07月16日
1400,付3押1,2室1厅1卫,101平方米,朝西,中层(共17层),简单装修,普通住宅,菁华津城,塘沽 胡家园街,3112013777167373,2023年07月16日
800,付3押1,1室1厅1卫,32平方米,南北,高层(共6层),简单装修,普通住宅,育才里(津南),津南,3111933358447623,2023年07月15日
1600,付3押1,1室1厅1卫,32.2平方米,朝南,中层(共6层),简单装修,普通住宅,彩霞里,南开 向阳路,3113293900111881,2023年07月16日
2300,付3押1,1室1厅1卫,46.5平方米,朝东,低层(共16层),简单装修,普通住宅,摩登天空凤仪园,南开 兴南街,3036848485379074,2023年07月16日
1800,付3押1,1室1厅1卫,40平方米,南北,低层(共6层),毛坯,普通住宅,义兴南里,南开 万兴街,3111663354782726,2023年07月16日
1300,付3押1,1室1厅0卫,58.6平方米,朝南,中层(共17层),简单装修,普通住宅,泰达海澜花园,塘沽 渤海石油街,3112087759395853,2023年07月16日
1500,付3押1,1室1厅1卫,67平方米,南北,中层(共7层),简单装修,普通住宅,园丁公寓,河西 柳林,3112234763330565,2023年07月16日
1700,面议,3室2厅1卫,127平方米,朝南,高层(共6层),简单装修,普通住宅,平安里(武清),武清,3112144584399876,2023年07月16日
900,付3押1,1室1厅1卫,38平方米,朝东,中层(共6层),简单装修,普通住宅,朝阳里(北辰),北辰,3083242323928072,2023年07月16日
2000,付3押1,2室1厅1卫,56平方米,南北,共5层,简单装修,普通住宅,密云里, ,3113401841638415,2023年07月16日
1600,付3押1,2室1厅1卫,66.5平方米,南北,高层(共6层),简单装修,普通住宅,东升里(北辰),北辰,3113236165155850,2023年07月16日
1400,付3押1,1室1厅1卫,56平方米,朝南,中层(共11层),简单装修,普通住宅,鑫港园,津南 双港,3111717534309381,2023年07月16日
1300,付3押1,2室1厅1卫,61平方米,南北,低层(共6层),简单装修,普通住宅,振业里,大港 迎宾街,3040900170424325,2023年07月16日
1400,付3押1,1室1厅1卫,64平方米,朝南,高层(共7层),简单装修,普通住宅,金凤里(北辰),北辰,3114421498567690,2023年07月16日
2400,付3押1,1室1厅1卫,36.9平方米,朝南,低层(共6层),简单装修,普通住宅,耀远里,南开 兴南街,3073690588471301,2023年07月16日
1800,面议,2室1厅1卫,57.5平方米,朝南,中层(共6层),简单装修,普通住宅,佳园南里,红桥 双环邨街,3113388313797638,2023年07月16日
1650,付1押1,1室1厅1卫,22平方米,朝西,中层(共6层),简单装修,普通住宅,春香里,南开 万兴街,3114559843312654,2023年07月16日
2900,付3押1,2室1厅1卫,59平方米,东西,共5层,简单装修,普通住宅,敬重里, ,3113799583997963,2023年07月16日
2300,付3押1,1室1厅1卫,55.9平方米,朝北,中层(共14层),简单装修,普通住宅,安德公寓,河西 桃园街,3114563221251079,2023年07月16日
1800,付3押1,2室1厅1卫,60平方米,南北,高层(共6层),简单装修,普通住宅,容彩里,河北 王串场街,3112298552091649,2023年07月16日
1300,付3押1,1室1厅1卫,57平方米,南北,中层(共6层),简单装修,普通住宅,讷河里,北辰 集贤里,3113404926747650,2023年07月16日
2100,付3押1,2室1厅1卫,50.1平方米,南北,中层(共6层),简单装修,普通住宅,月秋里,河北 鸿顺里街,3070592269870083,2023年07月16日
1300,付3押1,1室1厅1卫,59.9平方米,南北,低层(共18层),简单装修,普通住宅,辽河园,北辰 宜兴埠,3113470917452804,2023年07月16日
1400,付3押1,1室1厅1卫,38平方米,朝南,共4层,简单装修,普通住宅,兴华里(塘沽),塘沽 杭州道街,3113194428752904,2023年07月16日
2000,付3押1,2室1厅1卫,50平方米,朝南,中层(共6层),简单装修,普通住宅,彩霞里,南开 向阳路,3113425104528387,2023年07月16日
2900,付3押1,2室1厅1卫,58平方米,朝东,低层(共7层),简单装修,普通住宅,气象西里,和平 南营门,3015351561331716,2023年07月16日
2500,付3押1,2室1厅1卫,72.2平方米,东西,低层(共7层),简单装修,普通住宅,昆石里,河北 望海楼街,3109131180465161,2023年07月16日
1900,半年付,3室2厅2卫,118.4平方米,东南,高层(共11层),简单装修, ,大张庄镇,北辰 大张庄镇,2994649364683776,2023年07月16日
1600,付3押1,2室1厅1卫,92平方米,东西,高层(共6层),精装修,普通住宅,万达新城普旺里,北辰 普东街,3112084169761806,2023年07月16日
2100,付3押1,2室1厅1卫,84平方米,南北,低层(共6层),简单装修,普通住宅,任贤里,河北 铁东路街,3114460333663234,2023年07月16日
1300,付3押1,1室0厅1卫,30平方米,朝南,共5层,简单装修,普通住宅,黄埔里, ,3113113766813698,2023年07月16日
1000,面议,2室1厅1卫,86.2平方米,南北,中层(共6层),简单装修,普通住宅,泰达金色领地,宝坻 钰华街,3114678870055949,2023年07月16日
2700,付3押1,2室2厅1卫,97平方米,南北,中层(共6层),简单装修,普通住宅,瑞地里小区,南开 八里台,3113150656470028,2023年07月16日
1700,付3押1,1室1厅1卫,58.6平方米,南北,高层(共6层),简单装修,普通住宅,千禧园(西区),西区,3110526294713357,2023年07月16日
1300,付3押1,1室1厅1卫,31平方米,朝南,低层(共6层),简单装修,普通住宅,建湖里,河北 建昌道街,3114531528089613,2023年07月16日
1300,付3押1,2室1厅1卫,78平方米,南北,低层(共6层),简单装修,普通住宅,广悦里,西青 杨柳青,3113492677451781,2023年07月16日
2200,付3押1,3室1厅1卫,103平方米,南北,低层(共6层),简单装修,普通住宅,水岸华庭(西青),西青,3114600029789188,2023年07月16日
2600,付3押1,2室1厅1卫,48平方米,朝东,低层(共7层),精装修,普通住宅,雅美里,南开 长虹街,3113008285524996,2023年07月16日
1300,面议,2室2厅1卫,91.3平方米,南北,低层(共6层),简单装修,普通住宅,时代花园(蓟县),蓟县,3111649432312846,2023年07月16日
3200,付3押1,2室1厅1卫,96.7平方米,南北,高层(共6层),简单装修,普通住宅,日华里,南开 华苑,3114437480621062,2023年07月16日
1200,面议,3室2厅1卫,113平方米,南北,共5层,简单装修,普通住宅,地税公寓, ,3112116529634305,2023年07月16日
2300,付1押1,2室0厅1卫,60平方米,东北,中层(共6层),简单装修,普通住宅,稚优里,南开 水上公园,3109171857072131,2023年07月16日
2200,付3押1,2室2厅1卫,99.5平方米,朝南,低层(共6层),简单装修,普通住宅,海晶南园,塘沽 西大沽街,3114465771906059,2023年07月16日
1300,付3押1,2室1厅1卫,58平方米,朝南,中层(共8层),简单装修,普通住宅,瀛台里,北辰 果园新村,3114405842951172,2023年07月16日
1400,付3押1,1室1厅1卫,40平方米,朝南,低层(共6层),简单装修,普通住宅,天琴里,河东 富民路,3113281712644096,2023年07月16日
2100,付3押1,2室1厅1卫,66.3平方米,南北,低层(共6层),简单装修,普通住宅,潞河园,红桥 丁字沽街,3111863677559811,2023年07月16日
3300,付3押1,2室1厅1卫,58.4平方米,南北,高层(共6层),精装修,普通住宅,春梅楼,河西 下瓦房,3113346661393417,2023年07月16日
1700,付3押1,2室2厅2卫,116.4平方米,南北,高层(共7层),简单装修,普通住宅,万隆桃香园,北辰 天穆,3114469560312845,2023年07月16日
2000,付3押1,2室1厅1卫,60平方米,朝北,低层(共6层),简单装修,普通住宅,华昌南里,河东 唐口,3114452033037323,2023年07月16日
833,半年付,2室1厅1卫,77平方米,朝南,中层(共6层),简单装修,普通住宅,广建里,津南 咸水沽,3112024376908815,2023年07月14日
1300,付3押1,1室1厅1卫,58.8平方米,朝南,高层(共32层),简单装修,普通住宅,惠安花园,津南 咸水沽,3113436140904450,2023年07月16日
1600,付3押1,2室1厅1卫,73平方米,南北,中层(共6层),简单装修,普通住宅,天辰公寓,北辰 北仓,3111983061671939,2023年07月16日
1100,付3押1,2室1厅1卫,52平方米,南北,共5层,简单装修,普通住宅,同盛里(西青),西青 杨柳青,3114570380599301,2023年07月16日
900,付3押1,1室1厅1卫,47平方米,朝南,共5层,简单装修,普通住宅,三春里, ,3088286182480910,2023年07月16日
4000,付3押1,1室1厅1卫,37.5平方米,西南,低层(共6层),精装修,普通住宅,泰华里,和平 体育馆,3111929846965258,2023年07月16日
2400,付3押1,2室1厅1卫,68.2平方米,南北,中层(共6层),简单装修,普通住宅,莹津里,河北 王串场街,3114725683747846,2023年07月16日
1600,付3押1,3室2厅1卫,109平方米,南北,中层(共26层),简单装修,普通住宅,融创东岸名郡,北辰 双街镇,3090699138752526,2023年07月16日
2700,付3押1,2室1厅1卫,90平方米,南北,高层(共6层),简单装修,普通住宅,凌奥花园,南开 体育中心,3113353181207556,2023年07月16日
2000,付3押1,1室1厅1卫,40平方米,朝西,高层(共7层),简单装修,普通住宅,源德里,南开 兴南街,3114433479697419,2023年07月16日
450,面议,2室2厅1卫,86平方米,朝南,高层(共21层),毛坯,普通住宅,浩润嘉苑,宝坻 潮阳街,3113288815205376,2023年07月16日
2000,付3押1,2室1厅1卫,62平方米,朝南,中层(共6层),简单装修,普通住宅,佳春里,红桥 双环邨街,3113463003571203,2023年07月16日
1300,付1押1,1室1厅1卫,32平方米,朝南,中层(共6层),简单装修,普通住宅,南海里,河西 柳林,3112009515032582,2023年07月16日
3800,付3押1,2室1厅1卫,53平方米,南北,中层(共6层),精装修,普通住宅,存诚里,河西 下瓦房,3113351406460938,2023年07月16日
2600,面议,2室1厅1卫,45平方米,西南,高层(共15层),简单装修,普通住宅,十四经路8号院,河东 大王庄,3113330358296591,2023年07月16日
1300,付3押1,1室1厅1卫,40平方米,朝南,高层(共6层),简单装修,普通住宅,大同门西里,红桥 西于庄街,3111653510734855,2023年07月16日
1900,付3押1,2室1厅1卫,60.8平方米,东南,高层(共6层),简单装修,普通住宅,园川里,南开 嘉陵道,3113407274279943,2023年07月16日
2000,付3押1,2室1厅1卫,70.3平方米,南北,低层(共6层),简单装修,普通住宅,晓园新村,开发区 第一大街,3111675847630856,2023年07月14日
1450,付1押1,1室1厅1卫,43.5平方米,朝南,低层(共6层),简单装修,普通住宅,盛宇里,河北 王串场街,3112064407233547,2023年07月16日
1500,付3押1,1室1厅1卫,55平方米,朝南,低层(共7层),简单装修,普通住宅,宜君里,南开 向阳路,3104810447249418,2023年07月16日
600,付1押1,1室1厅1卫,30平方米,朝南,共5层,简单装修, ,校苑小区, ,2662901423860749,2023年07月16日
1450,付3押1,1室1厅1卫,35平方米,南北,低层(共7层),简单装修,普通住宅,风光里,红桥 丁字沽街,3113066407795719,2023年07月16日
2700,付3押1,1室1厅1卫,53平方米,朝西,中层(共16层),简单装修,普通住宅,摩登天空凤仪园,南开 兴南街,3098959510100994,2023年07月16日
1200,付3押1,1室1厅1卫,58.3平方米,朝南,高层(共6层),简单装修,普通住宅,宝业馨苑,津南 咸水沽,3113022943828994,2023年07月16日
1500,付3押1,2室1厅1卫,64平方米,南北,高层(共6层),简单装修,普通住宅,津塘路187号小区,河东 二号桥,3059198914289679,2023年07月16日
1500,付3押1,1室1厅1卫,43平方米,朝东,中层(共6层),简单装修,普通住宅,益鑫里,红桥 卲公庄街,3114765774298123,2023年07月16日
2200,付3押1,2室1厅2卫,88平方米,南北,高层(共6层),简单装修,普通住宅,鼎发家园,红桥 卲公庄街,3114654709751808,2023年07月16日
2000,半年付,3室2厅1卫,125平方米,朝南,中层(共11层),简单装修,普通住宅,博雅花园(津南),津南,3012882796207107,2023年07月14日
3700,付3押1,2室1厅1卫,61平方米,南北,中层(共7层),精装修,普通住宅,寿安里,和平 新兴街,3113582374642694,2023年07月16日
750,付3押1,3室1厅1卫,16平方米,朝南,低层(共10层),精装修, ,碧水家园A区,西青 侯台,2635935024835584,2023年07月16日
1100,年付押1,2室1厅1卫,58平方米,南北,共4层,简单装修,普通住宅,团结里(大港),大港 海滨,3114693944583175,2023年07月16日
1200,付3押1,1室1厅1卫,56平方米,南北,高层(共6层),简单装修,普通住宅,普天东里,北辰 北仓,3114829911121927,2023年07月16日
1500,付3押1,1室1厅1卫,35平方米,朝西,高层(共8层),简单装修,普通住宅,元兴新里,河西 桃园街,3111987775578119,2023年07月16日
2300,面议,3室2厅1卫,105.3平方米,南北,低层(共8层),精装修,普通住宅,正荣府,北辰 宜兴埠,3106042012803080,2023年07月16日
1800,付3押1,1室1厅1卫,25.9平方米,朝南,高层(共6层),简单装修,普通住宅,保康里,南开 万兴街,3114557535427586,2023年07月16日
1300,付3押1,2室1厅1卫,53平方米,南北,共4层,简单装修,普通住宅,青吉里, ,3114609325220879,2023年07月16日
600,付1押1,1室0厅1卫,26平方米,朝南,共3层, , ,远景庄园(别墅),塘沽 西大沽街,2682895813008388,2023年07月16日
1000,付3押1,2室1厅1卫,80.5平方米,朝南,高层(共6层),简单装修, ,安裕新村,蓟州 文昌街,3018254226254848,2023年07月16日
2500,付3押1,2室1厅1卫,66平方米,南北,中层(共6层),简单装修,普通住宅,红山里,河西 尖山路,3113157532326924,2023年07月16日
2000,付3押1,2室1厅1卫,60平方米,南北,中层(共6层),简单装修,普通住宅,向阳楼,河东 向阳楼,3113014178029573,2023年07月16日
5200,付3押1,3室1厅1卫,91平方米,南北,中层(共6层),精装修,普通住宅,前程里(河西),河西,3113691467177988,2023年07月16日
1500,面议,3室2厅1卫,140平方米,南北,中层(共7层),简单装修,普通住宅,泰合府,武清 黄庄街,3114736204718086,2023年07月16日
2600,付3押1,2室1厅1卫,100平方米,南北,中层(共6层),简单装修,普通住宅,金厦新都静溪园,西青 李七庄,3114484438148111,2023年07月16日
1800,付3押1,3室2厅2卫,123.1平方米,朝南,中层(共27层),精装修,普通住宅,天地源津九轩,津南 咸水沽,3113140949638144,2023年07月16日
2500,面议,1室1厅1卫,47平方米,朝西,高层(共6层),简单装修,普通住宅,航天北里,南开 学府街,3112189195609094,2023年07月14日
1700,付3押1,1室1厅1卫,24.9平方米,朝南,中层(共6层),精装修,普通住宅,健强里社区,河西 越秀路,3110604597288964,2023年07月16日
2650,付3押1,2室1厅1卫,65平方米,南北,高层(共6层),简单装修,普通住宅,风湖里,南开 学府街,3114556683985931,2023年07月16日
3700,付3押1,2室1厅1卫,67平方米,南北,中层(共6层),精装修,普通住宅,服务楼,河西 友谊路,3114562026037258,2023年07月16日,3700,付3押1,2室1厅1卫,67平方米,南北,中层(共6层),精装修,普通住宅,服务楼,河西 友谊路,3114562026037258,2023年07月16日
850,付3押1,1室1厅1卫,57平方米,朝南,低层(共18层),简单装修,普通住宅,津泊湾,静海 团泊镇,3114781522616326,2023年07月16日
1500,付3押1,3室2厅2卫,105平方米,朝南,中层(共7层),简单装修,普通住宅,禹洲御湖郡,静海 团泊镇,3113103171313672,2023年07月16日
3600,付3押1,3室1厅1卫,77平方米,朝南,高层(共6层),精装修,普通住宅,十二经路4号院,河东 大王庄,3113106244050947,2023年07月16日
1782,付1押1,1室1厅1卫,41平方米,朝南,低层(共6层),简单装修,普通住宅,元贺里,河北 鸿顺里街,3114702801050627,2023年07月16日
4100,面议,2室1厅1卫,55平方米,南北,低层(共6层),精装修,普通住宅,前程里(河西),河西,3111982843420672,2023年07月16日
1700,付3押1,1室1厅1卫,43.6平方米,朝南,低层(共6层),简单装修,普通住宅,富达里,河西 天塔,3111968801202188,2023年07月16日
1300,付3押1,2室1厅1卫,67平方米,朝南,低层(共30层),简单装修,普通住宅,和睦园,塘沽 西大沽街,3111865650126852,2023年07月16日
3100,面议,2室1厅1卫,56平方米,朝南,低层(共6层),精装修,普通住宅,卫华里(和平),和平,3113020852429837,2023年07月16日
1500,付3押1,1室1厅1卫,36.1平方米,朝南,高层(共6层),简单装修,普通住宅,金昌里小区,河东 大直沽,3093168159890438,2023年07月16日
1400,付3押1,1室1厅1卫,62平方米,朝南,中层(共22层),简单装修,普通住宅,荣悦园,北辰 青光,3111827502064651,2023年07月15日
2400,付3押1,2室1厅1卫,56平方米,朝北,中层(共14层),简单装修,普通住宅,安德公寓,河西 桃园街,3112002357877765,2023年07月16日
2000,付3押1,1室1厅1卫,51.2平方米,朝西,高层(共7层),简单装修,普通住宅,文静里,河西 马场道,3112090007264259,2023年07月16日
1700,付3押1,2室1厅1卫,53.8平方米,南北,共5层,简单装修,普通住宅,拜泉里, ,3104687893027842,2023年07月16日
1390,付3押1,3室1厅1卫,89平方米,朝南,中层(共22层),简单装修,普通住宅,鸿坤原乡郡,武清 杨村街,3111972092959747,2023年07月14日
1500,付3押1,1室1厅1卫,44.2平方米,朝南,高层(共6层),简单装修,普通住宅,天琴里,河东 富民路,3113481583174658,2023年07月16日
900,付1押1,1室1厅1卫,43平方米,朝南,共5层,精装修,普通住宅,赤龙家园, ,3113041601242117,2023年07月16日
1300,付3押1,2室1厅1卫,93平方米,朝南,中层(共27层),简单装修,普通住宅,学仕府花园(滨海),滨海,3112078838881284,2023年07月16日
1700,付1押1,1室1厅1卫,35平方米,朝南,低层(共6层),简单装修,普通住宅,东海里,河西 小海地,3114556590203916,2023年07月16日
1400,付3押1,2室1厅1卫,77平方米,南北,低层(共21层),简单装修,普通住宅,仕名公寓,北辰 北仓,3112941985390600,2023年07月16日
1700,付3押1,3室1厅1卫,99平方米,南北,中层(共6层),简单装修,普通住宅,晨晖里,大港 迎宾街,3113652895915015,2023年07月16日
1350,付1押1,1室1厅1卫,37平方米,朝南,高层(共6层),简单装修,普通住宅,华江里,河西 小海地,3111611872633870,2023年07月16日
1190,付3押1,1室1厅1卫,30平方米,朝南,高层(共7层),简单装修,普通住宅,日方里,河北 鸿顺里街,3113096967676935,2023年07月15日
3000,付3押1,2室0厅1卫,65平方米,朝北,中层(共30层),简单装修,普通住宅,三义大厦小区,河西 大营门,3113115113528329,2023年07月16日
1400,付3押1,1室1厅1卫,48.7平方米,朝南,高层(共6层),精装修,普通住宅,青春南里,红桥 西沽街,3111644159403008,2023年07月16日
1500,付3押1,2室1厅1卫,57平方米,南北,高层(共6层),简单装修,普通住宅,风致里,河西 柳林,3113503565931525,2023年07月16日
1500,付3押1,2室1厅1卫,50平方米,朝南,高层(共6层),简单装修,普通住宅,昌图楼,红桥 咸阳北路街,3113433052913665,2023年07月16日
3800,付3押1,2室1厅1卫,52.3平方米,朝西,低层(共6层),精装修,普通住宅,信华里,和平 南营门,3113441262607366,2023年07月16日
1300,付3押1,1室1厅1卫,64.6平方米,朝南,中层(共16层),简单装修,普通住宅,五一阳光锦园,武清 杨村街,3111667412771849,2023年07月16日
1250,付3押1,3室1厅1卫,98平方米,朝南,低层(共18层),简单装修,普通住宅,盛泽园,北辰 青光,3111831004390405,2023年07月16日
1500,面议,1室1厅1卫,58.7平方米,朝西,高层(共7层),简单装修,普通住宅,盛源公寓,河北 宁园街,2948935575643143,2023年07月16日
1600,付3押1,1室1厅1卫,28平方米,南北,高层(共6层),简单装修,普通住宅,华莹里,河东 春华街,3112097193091084,2023年07月16日
1600,付3押1,1室1厅1卫,42平方米,南北,低层(共6层),简单装修,普通住宅,汶川里,南开 嘉陵道,3113520968786959,2023年07月16日
1400,付3押1,2室1厅1卫,90平方米,朝南,高层(共11层),简单装修,普通住宅,佳成苑,塘沽 胡家园街,3096490203996174,2023年07月16日
1800,付3押2,1室1厅1卫,22平方米,南北,共5层,精装修,普通住宅,服务楼, ,3113536662035457,2023年07月16日
1400,面议,2室2厅1卫,75平方米,朝南,中层(共16层),简单装修,普通住宅,蒲瑞祥园西区,武清 杨村街,3065171678061575,2023年07月16日
5000,付3押1,1室1厅1卫,40平方米,朝北,低层(共6层),精装修,普通住宅,明和里,河东 春华街,3113405350257677,2023年07月16日
1500,付3押1,1室1厅1卫,45平方米,南北,高层(共6层),简单装修,普通住宅,昆仑里(东丽),东丽,3088999196908548,2023年07月16日
1500,付3押1,2室1厅1卫,105平方米,朝南,高层(共6层),简单装修,普通住宅,引河北里,北辰 北仓,3114761621431302,2023年07月16日
1500,付3押1,1室1厅1卫,40平方米,朝南,高层(共6层),简单装修,普通住宅,前进新里,河东 向阳楼,3113163144552459,2023年07月16日
1400,付3押1,1室1厅1卫,35平方米,南北,共5层,精装修,普通住宅,双山里, ,3113095212933122,2023年07月16日
1500,付3押1,1室1厅1卫,48.3平方米,朝南,高层(共7层),简单装修,普通住宅,宜君北里,南开 向阳路,3104799893610510,2023年07月16日
1600,付3押1,2室1厅1卫,105平方米,南北,低层(共6层),简单装修,普通住宅,福苑里,大港 迎宾街,3114486222742538,2023年07月16日
3200,付3押1,3室2厅1卫,107.9平方米,南北,共5层,简单装修,普通住宅,尚丰水苑, ,3111878343156744,2023年07月16日
1000,面议,1室1厅1卫,72平方米,东西,低层(共16层),简单装修,普通住宅,碧玉家园,蓟州 文昌街,3113005818092552,2023年07月16日
4500,付3押1,2室1厅1卫,120平方米,南北,低层(共9层),简单装修,普通住宅,清新园,南开 万兴街,3113601252647949,2023年07月16日,4500,付3押1,2室1厅1卫,120平方米,南北,低层(共9层),简单装修,普通住宅,清新园,南开 万兴街,3113601252647949,2023年07月16日
1900,面议,1室1厅1卫,60平方米,东南,低层(共6层),简单装修,普通住宅,花溪苑,西青 中北,3114657972954122,2023年07月16日
1900,付3押1,2室2厅1卫,110.5平方米,南北,高层(共6层),简单装修,普通住宅,盛仓新苑炎黄园,北辰 集贤里,2974329202961422,2023年07月16日
3000,付3押1,2室1厅1卫,60平方米,朝南,高层(共7层),简单装修,普通住宅,源德里,南开 兴南街,3114428641255426,2023年07月16日
2900,面议,3室2厅2卫,140平方米,南北,中层(共7层),简单装修,普通住宅,雅居乐御宾府,津南 海河教育园区,3111771693883393,2023年07月15日
2300,付3押1,3室2厅1卫,98.7平方米,朝东,中层(共29层),精装修,普通住宅,正荣府,北辰 宜兴埠,3065361114424322,2023年07月16日
1800,付3押1,2室1厅1卫,60.2平方米,朝南,高层(共7层),简单装修,普通住宅,开云里,河北 王串场街,3113067822177280,2023年07月16日
1900,付3押1,1室1厅1卫,52平方米,朝南,高层(共6层),精装修,普通住宅,延长里,南开 向阳路,3073383734273033,2023年07月16日
1000,付3押1,2室1厅1卫,54平方米,南北,共4层,简单装修,普通住宅,双安里, ,3111659695807497,2023年07月16日
1200,面议,1室1厅1卫,40平方米,朝南,高层(共6层),简单装修,普通住宅,志成东里,河北 新开河街,3112055034452995,2023年07月16日
1500,付3押1,2室1厅1卫,60平方米,南北,共5层, , ,向阳楼, ,2626035909353479,2023年07月16日
2500,付3押1,2室1厅1卫,40平方米,朝南,低层(共6层),精装修,普通住宅,来福里文明小区,南开 八里台,3111701802851330,2023年07月16日
1500,付3押1,3室2厅2卫,109平方米,朝南,低层(共33层),简单装修,普通住宅,中海公园城尚湖苑,津南 津南八里台,3057941418516484,2023年07月16日
1900,付3押1,1室1厅1卫,61.5平方米,朝南,中层(共28层),简单装修,普通住宅,惠众家园,河西 小海地,3112334642945027,2023年07月16日
2000,付3押1,2室1厅1卫,88平方米,朝南,高层(共7层),简单装修,普通住宅,万隆桃香园,北辰 天穆,3113574768254990,2023年07月16日
1200,付3押1,1室1厅1卫,58.5平方米,朝南,低层(共29层),简单装修,普通住宅,国耀上河城,北辰 双街镇,3113104544669706,2023年07月16日
1500,付3押1,1室1厅1卫,50平方米,朝南,低层(共6层),简单装修,普通住宅,煤三宿舍,河西 梅江南,3111699946167301,2023年07月16日
1700,付3押1,1室1厅1卫,43平方米,朝南,中层(共7层),精装修,普通住宅,华光里,河东 春华街,3109339345280013,2023年07月16日
1300,付3押1,1室1厅1卫,61平方米,朝南,中层(共27层),简单装修,普通住宅,双青新家园荣康园,北辰 青光,3111617474356226,2023年07月16日
1100,付3押1,2室1厅1卫,56平方米,南北,低层(共6层),简单装修,普通住宅,建安里(滨海),滨海,3113007644729358,2023年07月16日
1600,面议,1室1厅1卫,45平方米,南北,高层(共6层),简单装修,普通住宅,易川里,南开 嘉陵道,3112852758209549,2023年07月16日
1700,付3押1,1室1厅1卫,42.7平方米,南北,中层(共11层),简单装修,普通住宅,河怡花园,红桥 咸阳北路街,3110521634481156,2023年07月16日
1600,付3押1,2室2厅1卫,83平方米,南北,共5层,简单装修,普通住宅,渤海石油蓝苑南区, ,3113126514744334,2023年07月16日
1900,付1押1,2室1厅1卫,80平方米,朝南,高层(共6层),简单装修,普通住宅,燕宇花园,西青 中北,3113360600834052,2023年07月16日
3300,付3押1,1室1厅1卫,48.8平方米,朝南,低层(共24层),精装修,普通住宅,三乐里,和平 新兴街,3108845137567753,2023年07月16日
1400,付3押1,2室1厅1卫,85平方米,朝南,高层(共27层),简单装修,普通住宅,学仕府花园(滨海),滨海,3112082316499976,2023年07月16日
1800,付3押1,1室1厅1卫,48平方米,朝南,高层(共6层),简单装修,普通住宅,川北里,南开 嘉陵道,3113529346876429,2023年07月16日
2500,付3押1,2室1厅1卫,42平方米,朝南,高层(共7层),简单装修,普通住宅,照湖里,南开 学府街,3112197928625160,2023年07月14日
900,付3押1,1室1厅1卫,39.8平方米,朝南,高层(共6层),精装修,普通住宅,讷河里,北辰 集贤里,3113423387663374,2023年07月16日
1800,付3押1,2室2厅1卫,96平方米,南北,共5层,简单装修,普通住宅,紫罗园, ,3107843899695112,2023年07月16日
800,付3押1,2室2厅1卫,89.9平方米,朝南,低层(共18层),简单装修,普通住宅,锦绣香江棕榈园,宝坻 大白街,3114855541056527,2023年07月16日
1500,付3押1,1室1厅1卫,42.5平方米,朝南,高层(共6层),精装修,普通住宅,佳春里,红桥 双环邨街,3113016514208768,2023年07月16日
1200,付3押1,2室1厅1卫,78平方米,南北,共5层,简单装修,普通住宅,人祥南里, ,3111504272384003,2023年07月16日
2300,付3押1,1室1厅1卫,34.9平方米,朝东,低层(共7层),精装修,普通住宅,宝德里,河西 大营门,3113754893149193,2023年07月16日
950,付1押1,1室1厅1卫,43平方米,朝南,低层(共6层),精装修,普通住宅,赤龙家园,西青 大寺,3113054383907847,2023年07月16日
1650,付3押1,1室1厅1卫,52平方米,朝南,中层(共46层),简单装修,普通住宅,滨海华贸中心,塘沽 大沽街,3111914568081408,2023年07月16日
2500,面议,2室1厅1卫,72平方米,南北,中层(共6层),简单装修,普通住宅,龙禧园,红桥 西沽街,3113592841265158,2023年07月16日
1000,年付押1,1室1厅1卫,67平方米,南北,中层(共28层),简单装修,普通住宅,友和里,东丽 大毕庄镇,3114702204953601,2023年07月16日
850,付3押1,1室1厅1卫,49平方米,朝南,中层(共18层),简单装修,普通住宅,津泊湾,静海 团泊镇,3025506845584384,2023年07月16日
2700,付3押1,3室2厅1卫,98.7平方米,朝东,中层(共29层),精装修,普通住宅,正荣府,北辰 宜兴埠,3098996217928709,2023年07月16日
1200,付3押1,2室1厅1卫,56平方米,南北,共4层,简单装修,普通住宅,六合里(滨海),大港 迎新街,3112991391899663,2023年07月16日
1700,付3押1,2室1厅1卫,66.4平方米,朝南,中层(共32层),简单装修,普通住宅,和盛苑,塘沽 渤海石油街,3114791014769668,2023年07月16日
1000,付3押1,1室1厅1卫,50.9平方米,朝南,高层(共6层),简单装修,普通住宅,城际美景,北辰 双街镇,3093618942468100,2023年07月16日
2500,付3押1,1室1厅1卫,35平方米,朝西,中层(共6层),精装修,普通住宅,兴河里小区,和平 新兴街,3113441262576655,2023年07月15日
1200,付3押1,2室1厅1卫,56平方米,南北,共4层,简单装修,普通住宅,前光里, ,3111534836752388,2023年07月16日
2400,付3押1,2室1厅1卫,56平方米,南北,共5层,精装修,普通住宅,十五经路6号院, ,3114645644207104,2023年07月16日
1000,半年付,2室1厅1卫,55平方米,南北,共4层,简单装修,普通住宅,新兴西里(滨海),大港 大港周边,3111976576770050,2023年07月14日
1000,半年付押1,2室1厅1卫,106平方米,南北,低层(共17层),简单装修,普通住宅,钰鑫园,宝坻 海滨街,3113767878040589,2023年07月16日
1700,付3押1,1室1厅1卫,79.5平方米,南北,低层(共11层),毛坯,普通住宅,恒大悦湖公馆,塘沽 滨海高新区,3114688348020744,2023年07月16日
1850,付3押1,3室2厅1卫,116平方米,朝南,高层(共17层),简单装修, ,津南新城合力园,津南 咸水沽,3014153218515968,2023年07月16日
4550,付1押1,2室1厅1卫,106平方米,朝南,低层(共22层),简单装修,普通住宅,远洋新天地家园,河东 春华街,3114706181301248,2023年07月16日
2200,付3押1,3室1厅1卫,119.7平方米,南北,中层(共6层),毛坯,普通住宅,宏愿花园,塘沽 渤海石油街,3112026592567311,2023年07月16日
2000,付3押1,3室2厅1卫,109.4平方米,南北,低层(共18层),简单装修,普通住宅,都旺新城竹芳园,北辰 果园新村,3114476860892166,2023年07月16日
1800,付3押1,1室1厅1卫,27.4平方米,南北,高层(共6层),精装修,普通住宅,十三经路18号院,河东 大王庄,3113317087192065,2023年07月16日
2200,付3押1,1室1厅1卫,55.7平方米,朝南,高层(共13层),简单装修,普通住宅,龙德里,南开 万兴街,3111550724857871,2023年07月14日
2400,付3押1,2室1厅1卫,80.1平方米,南北,高层(共8层),精装修,普通住宅,金地艺城华府北润华庭,北辰 宜兴埠,3052702287963149,2023年07月16日
1100,付3押1,1室1厅1卫,54平方米,南北,共5层,简单装修,普通住宅,宝庆里, ,3111912540838922,2023年07月16日
1500,半年付押1,2室1厅1卫,92平方米,南北,低层(共11层),简单装修,普通住宅,鑫旺里,津南 辛庄,3113281634182157,2023年07月15日
2800,付3押1,2室1厅1卫,56平方米,南北,高层(共6层),精装修,普通住宅,澧新里,河西 尖山路,3111740468714511,2023年07月16日
2500,面议,2室1厅1卫,40平方米,南北,共5层,精装修,普通住宅,德元里, ,3114540803499008,2023年07月16日
1455,付3押1,1室1厅1卫,37平方米,南北,共5层,精装修,普通住宅,八段大楼, ,3113360992182283,2023年07月16日
1500,付3押1,2室1厅1卫,61平方米,南北,高层(共6层),简单装修,普通住宅,桃花园南里,红桥 丁字沽街,3113327845924867,2023年07月16日
1100,付3押1,2室1厅1卫,60平方米,东西,共5层,简单装修,普通住宅,高峰里, ,3110716446565380,2023年07月16日
2300,面议,2室1厅1卫,62.8平方米,朝南,共4层,精装修,普通住宅,凌研里, ,3111979509047299,2023年07月16日
2400,面议,1室1厅1卫,44.9平方米,朝南,中层(共7层),精装修,普通住宅,振河里,和平 新兴街,3114544752844812,2023年07月16日
3300,付3押1,2室2厅1卫,76.2平方米,南北,高层(共6层),精装修,普通住宅,凯立天香家园,南开 广开街,3111620419788804,2023年07月15日
1500,付3押1,1室1厅1卫,49平方米,朝南,低层(共6层),简单装修,普通住宅,小镇西西里瑞安里,西青 精武,3111628922919948,2023年07月16日
3600,付3押1,1室1厅1卫,50.1平方米,朝北,低层(共30层),精装修,普通住宅,明筑轩,和平 南市,3107949606248450,2023年07月16日
1800,付3押1,2室1厅1卫,109平方米,南北,中层(共6层),简单装修,普通住宅,都旺新城兰芳园,北辰 果园新村,3113282540198922,2023年07月16日
2500,付1押1,2室1厅1卫,64平方米,西北,高层(共6层),精装修,普通住宅,春华里(河东),河东,3114896585497614,2023年07月16日
1100,付3押1,1室1厅1卫,43.7平方米,东北,中层(共18层),简单装修,普通住宅,双街新家园,北辰 双街镇,3083736112078856,2023年07月16日
2100,付3押1,1室1厅1卫,61平方米,南北,高层(共6层),精装修,普通住宅,礼貌楼,红桥 西于庄街,3113623590247433,2023年07月16日
1800,付3押1,1室1厅1卫,30.2平方米,朝南,中层(共7层),精装修,普通住宅,级升里,南开 广开街,3111576283488264,2023年07月16日
1500,付3押1,2室1厅1卫,60平方米,南北,高层(共6层),简单装修,普通住宅,建安里(滨海),滨海,3113626098902018,2023年07月16日
1300,付3押1,2室1厅1卫,57平方米,南北,共4层,精装修,普通住宅,团结楼, ,3114786345361414,2023年07月16日
2700,付3押1,3室1厅1卫,105平方米,东南,高层(共13层),精装修,普通住宅,兰雅苑,东丽 新立镇,3112062059092994,2023年07月16日
1900,付3押1,2室1厅1卫,92平方米,朝南,高层(共28层),简单装修,普通住宅,悦海园,塘沽 解放路街,3113487698846729,2023年07月16日
1300,面议,2室2厅1卫,80平方米,南北,低层(共18层),简单装修,普通住宅,腾悦馨园,宝坻 宝平街,3114847669263371,2023年07月16日
3500,付3押1,2室1厅1卫,88平方米,南北,低层(共32层),简单装修,普通住宅,东北角艺术公寓,南开 鼓楼,3111781897348104,2023年07月16日
1300,付3押1,3室2厅1卫,107平方米,南北,高层(共26层),简单装修,普通住宅,富力新城观澜南苑,静海 团泊镇,3112027566383108,2023年07月15日
1200,付3押1,1室1厅1卫,37平方米,朝南,中层(共6层),简单装修,普通住宅,西邻村小区,塘沽 向阳街,3111635795599364,2023年07月16日
2500,付3押1,1室1厅1卫,40.6平方米,朝南,中层(共6层),精装修,普通住宅,大生里,和平 南营门,3113132265594882,2023年07月16日
1200,面议,2室1厅1卫,92平方米,朝南,高层(共6层),简单装修,普通住宅,平安里(武清),武清,3112121949838345,2023年07月16日
1800,付3押1,3室2厅1卫,97平方米,南北,中层(共28层),简单装修,普通住宅,鸿坤理想城澜境东苑,静海 团泊镇,3111694089067531,2023年07月16日
1800,付3押1,1室1厅1卫,34平方米,朝南,高层(共6层),精装修,普通住宅,久仰里(河西),河西,3113507544589323,2023年07月16日
2300,付3押1,2室2厅1卫,86平方米,朝南,低层(共32层),简单装修,普通住宅,华润中央公园香薇邸,津南 双港,3082136851457036,2023年07月16日
1200,付3押1,1室1厅1卫,39平方米,南北,共5层,简单装修,普通住宅,湘江里, ,3113466593206280,2023年07月16日
950,半年付,1室1厅1卫,45平方米,南北,高层(共6层),精装修,普通住宅,红云新里,北辰 集贤里,3096445354550281,2023年07月16日
2800,付3押1,2室1厅1卫,75.4平方米,朝东,高层(共7层),精装修,普通住宅,昆宏里,河北 望海楼街,3114711755824137,2023年07月16日
1500,付3押1,1室1厅1卫,50平方米,南北,中层(共7层),简单装修,普通住宅,民泰里,塘沽 解放路街,3113036767093765,2023年07月16日
1800,面议,2室1厅1卫,60平方米,朝南,中层(共12层),简单装修,普通住宅,水溪苑,西青 中北,3114643626728463,2023年07月16日
1700,付3押1,1室1厅1卫,28平方米,朝南,中层(共6层),精装修,普通住宅,雅安东里,南开 嘉陵道,3111802949083138,2023年07月16日
2000,付3押1,2室1厅1卫,90.9平方米,南北,中层(共33层),简单装修,普通住宅,四季风情,塘沽 新河街,3111565571728391,2023年07月16日
1200,付3押1,1室1厅1卫,25.2平方米,朝南,中层(共17层),简单装修,普通住宅,城市之星大厦,河东 春华街,3113414046212109,2023年07月16日
2700,付3押1,3室2厅1卫,95平方米,南北,高层(共18层),精装修,普通住宅,宸宜花园,北辰 普东街,3114848659464203,2023年07月16日
1300,付1押1,1室1厅1卫,35平方米,朝南,低层(共6层),简单装修,普通住宅,东海里,河西 小海地,3114561120394254,2023年07月16日
3100,付3押1,2室1厅1卫,77.5平方米,南北,高层(共18层),简单装修,普通住宅,水郡花园,南开 长虹街,3112999272244235,2023年07月16日
2200,付3押1,2室1厅1卫,90平方米,南北,共5层,简单装修,普通住宅,智达里, ,3114846610922502,2023年07月16日
3000,付3押1,2室1厅1卫,60平方米,南北,高层(共6层),精装修,普通住宅,浦口西里,河西 桃园街,3111644109594634,2023年07月16日
2600,付3押1,1室1厅1卫,60.5平方米,朝东,低层(共50层),精装修,普通住宅,诚基中心国际公寓,和平 体育馆,3114785396415491,2023年07月16日
2400,付3押1,2室2厅1卫,94平方米,南北,低层(共10层),简单装修,普通住宅,荷塘悦色,西青 杨柳青,3109181007504386,2023年07月16日
2200,付3押1,2室1厅1卫,101.1平方米,南北,低层(共6层),简单装修,普通住宅,景欣苑,东丽 津塘路,3112104816893964,2023年07月16日
1800,付3押1,1室1厅1卫,38平方米,朝北,中层(共13层),简单装修,普通住宅,卫安南里,南开 广开街,3080826159390728,2023年07月14日
2500,付3押1,2室2厅3卫,108平方米,南北,共3层,简单装修,普通住宅,伍杄岛橡树岛, ,3111707368906767,2023年07月16日
1200,面议,2室2厅1卫,100平方米,南北,中层(共6层),精装修,普通住宅,御和新苑,津南 北闸口,3113423027348494,2023年07月15日
2300,付3押1,2室1厅1卫,107平方米,南北,高层(共17层),简单装修,普通住宅,福汇园,大港 世纪大道,3114409934234639,2023年07月16日
1900,付3押1,1室1厅1卫,36.6平方米,朝南,中层(共7层),精装修,普通住宅,白云里,河西 越秀路,3111975454007301,2023年07月16日
2200,面议,2室2厅1卫,90平方米,朝南,低层(共33层),简单装修,普通住宅,津南新城合雅园,津南 咸水沽,3114511575688202,2023年07月16日
1200,付3押1,2室1厅1卫,83.8平方米,朝南,高层(共6层),精装修,普通住宅,红霞里(津南),津南,3114787441549321,2023年07月16日
2100,付3押1,3室2厅2卫,125平方米,南北,中层(共6层),简单装修,普通住宅,莱茵小镇美林苑,西青 杨柳青,3113170340093954,2023年07月16日
1600,付3押1,1室1厅1卫,40平方米,朝南,中层(共6层),精装修,普通住宅,风采南里,红桥 丁字沽街,3112067930037250,2023年07月16日
1400,付3押1,1室1厅1卫,24.7平方米,朝南,低层(共6层),精装修,普通住宅,桂江里(河西),河西,3114842688543744,2023年07月16日
1100,面议,2室1厅1卫,65平方米,朝南,高层(共28层),简单装修,普通住宅,美域新城,蓟州 渔阳镇,3113060055441413,2023年07月16日
1400,付3押1,1室1厅1卫,59.3平方米,朝南,高层(共28层),毛坯,普通住宅,增兴家园,东丽 万新街,3113059655524363,2023年07月16日
1100,面议,2室2厅1卫,95平方米,朝南,低层(共17层),简单装修,普通住宅,潮阳花园,宝坻 钰华街,3112082952430598,2023年07月16日
1200,付3押1,2室2厅1卫,82平方米,朝南,高层(共26层),简单装修,普通住宅,欣华苑,塘沽 北塘街,3109061218769930,2023年07月16日
2500,年付,2室2厅1卫,96平方米,朝南,低层(共27层),简单装修,普通住宅,保利海棠湾,武清 杨村街,3114837249057800,2023年07月16日
2400,付3押1,2室1厅1卫,80.4平方米,南北,低层(共30层),简单装修,普通住宅,和苑梦和园,红桥 西营门街,3114781567476741,2023年07月16日
1300,面议,2室1厅1卫,65平方米,南北,共5层,简单装修,普通住宅,新兴西里(滨海),大港 大港周边,3113385862339598,2023年07月16日
2600,付3押1,3室2厅1卫,114.8平方米,南北,高层(共6层),精装修,普通住宅,景欣苑,东丽 津塘路,3114543737150472,2023年07月16日
1200,付3押1,2室1厅1卫,84平方米,朝南,低层(共24层),简单装修,普通住宅,欣华苑,塘沽 北塘街,3113101691446281,2023年07月16日
2000,付3押1,1室1厅1卫,34.3平方米,朝南,低层(共7层),精装修,普通住宅,雅云里,南开 长虹街,3094741975031813,2023年07月16日
1700,付3押1,1室1厅1卫,47平方米,朝北,中层(共28层),简单装修, ,北宁湾宁宇家园(商住楼),商住楼,3111713037493261,2023年07月16日
1700,付3押1,1室1厅1卫,47平方米,朝北,低层(共33层),简单装修, ,北宁湾宁宇家园(商住楼),商住楼,3111719237230601,2023年07月16日
3450,付3押1,2室1厅1卫,109平方米,南北,中层(共6层),精装修,普通住宅,雅兰园,河东 上杭路,3107430131964943,2023年07月15日
2000,面议,2室1厅1卫,90平方米,南北,低层(共28层),精装修,其他,富力桃园天富园,津南 双港,3114759445896192,2023年07月16日
1300,付3押1,1室1厅1卫,60平方米,朝南,高层(共23层),简单装修,普通住宅,荣业园,北辰 青光,3112049861698564,2023年07月16日
1500,半年付,2室1厅1卫,83平方米,南北,高层(共18层),简单装修,普通住宅,香江广场,武清 杨村街,3114855923393548,2023年07月16日
2000,付3押1,1室1厅1卫,67平方米,朝南,中层(共9层),简单装修,普通住宅,慧景园,河北 新开河街,3109239634304015,2023年07月16日
1800,付3押1,2室2厅1卫,93平方米,南北,中层(共11层),简单装修,普通住宅,莱茵小镇美林苑,西青 杨柳青,3063731790715914,2023年07月15日
3200,付3押1,1室0厅1卫,58.9平方米,朝南,中层(共30层),精装修,普通住宅,新文化花园新景居,和平 南市,3111954946989061,2023年07月15日
5000,付3押1,3室1厅1卫,96平方米,朝南,中层(共30层),精装修,普通住宅,新文化花园新景居,和平 南市,3113232072712200,2023年07月16日
2200,付3押1,2室1厅1卫,98平方米,南北,高层(共7层),精装修,普通住宅,玉容花园,河北 王串场街,3111580614302721,2023年07月16日
1000,年付,1室1厅1卫,63平方米,朝南,低层(共25层),简单装修,普通住宅,碧玉家园,蓟州 文昌街,3110501797995529,2023年07月16日
1100,半年付,1室1厅1卫,50平方米,南北,中层(共6层),简单装修,普通住宅,育才里(津南),津南,3065215369945097,2023年07月16日
3800,付3押1,2室1厅1卫,99.7平方米,朝南,中层(共14层),精装修,普通住宅,金云里小区,南开 天拖南,3112108609527815,2023年07月16日
3700,付3押1,2室1厅1卫,57.9平方米,朝南,高层(共7层),精装修,普通住宅,敬重里,河西 下瓦房,3113788552257536,2023年07月16日
1350,付3押1,2室1厅1卫,64.4平方米,朝南,高层(共24层),简单装修,普通住宅,沽上江南,津南 咸水沽,3113438107820034,2023年07月16日
1300,付3押1,1室1厅1卫,30.1平方米,朝南,低层(共6层),精装修,普通住宅,泗阳里,河北 建昌道街,3114493209388045,2023年07月16日
5500,付3押1,3室1厅1卫,109平方米,南北,低层(共17层),精装修,普通住宅,南开1911,南开 嘉陵道,3100371662365709,2023年07月16日
4000,付3押1,4室2厅2卫,173.8平方米,南北,中层(共28层),精装修,普通住宅,富力桃园天富园,津南 双港,3114375210967054,2023年07月16日
4500,付3押1,4室2厅2卫,173平方米,南北,中层(共28层),精装修,普通住宅,富力桃园天富园,津南 双港,3063980059959304,2023年07月16日
3000,付3押1,2室1厅1卫,55.3平方米,西北,高层(共20层),精装修,公寓,红星国际星品大厦,河东 上杭路,3113492064903169,2023年07月15日
800,半年付,3室1厅1卫,89平方米,南北,高层(共17层),精装修,普通住宅,紫溪花园,宝坻 潮阳街,3111957016960009,2023年07月16日
3000,付3押1,1室1厅1卫,72平方米,南北,高层(共24层),精装修,普通住宅,丰盛园,河东 大王庄,3114529719180294,2023年07月16日
3600,付3押1,2室1厅1卫,97平方米,东南,高层(共33层),简单装修,普通住宅,北宁湾宁宇家园,河北 铁东路街,3034235951782921,2023年07月16日
5800,付3押1,2室1厅1卫,66平方米,西南,高层(共31层),精装修,普通住宅,宜天花园(和平时光),和平时光,3099253871156232,2023年07月16日
1900,付1押1,1室1厅1卫,33平方米,朝南,高层(共6层),精装修,普通住宅,盈江里,南开 天拖南,3111954141045774,2023年07月16日
2300,付3押1,2室1厅1卫,78平方米,朝南,中层(共6层),简单装修,普通住宅,商检公寓,开发区 第三大街,3113025387125766,2023年07月16日
1400,付3押1,1室1厅1卫,33.5平方米,朝西,高层(共6层),精装修,普通住宅,福山里,东丽 津塘路,3113274775264269,2023年07月16日
3600,付3押1,2室1厅1卫,58平方米,南北,低层(共7层),精装修,普通住宅,广田里,河西 大营门,3114863644171269,2023年07月16日
3500,付3押1,3室1厅1卫,96平方米,南北,低层(共7层),精装修,普通住宅,融秋园,东丽 张贵庄街,3113427757276171,2023年07月16日
1250,年付押1,1室1厅1卫,69平方米,南北,高层(共6层),精装修,普通住宅,金钟新城,东丽 大毕庄镇,3111647759475712,2023年07月16日
1200,付3押1,2室1厅1卫,83平方米,朝南,高层(共22层),简单装修,普通住宅,新旭园,津南 咸水沽,3113242869832707,2023年07月16日,1200,付3押1,2室1厅1卫,83平方米,朝南,高层(共22层),简单装修,普通住宅,新旭园,津南 咸水沽,3113242869832707,2023年07月16日
1000,付3押1,1室1厅1卫,40平方米,南北,共5层,精装修,普通住宅,宜白楼, ,3111703241498639,2023年07月16日
3000,付3押1,2室1厅1卫,67平方米,朝南,中层(共6层),精装修,普通住宅,明园里,南开 王顶堤,3108898356239369,2023年07月16日
1800,面议,2室2厅1卫,95平方米,朝南,高层(共16层),简单装修,普通住宅,祥福园二期,武清 杨村街,3113303628308482,2023年07月15日
3400,付3押1,2室1厅1卫,51平方米,南北,中层(共6层),精装修,普通住宅,宾水东里,河西 天塔,3114728916722693,2023年07月16日
2800,付3押1,2室1厅1卫,86平方米,朝南,中层(共14层),简单装修,普通住宅,万科新里程花园,东丽 空港经济区,3110309947302912,2023年07月16日
2050,付3押1,1室1厅1卫,41平方米,朝东,高层(共7层),精装修,普通住宅,红和里,南开 广开街,3114391373800462,2023年07月16日
1500,付3押1,1室1厅1卫,59.3平方米,南北,低层(共24层),简单装修,普通住宅,天穆东苑,北辰 天穆,3028454049439748,2023年07月15日
1800,半年付,2室2厅1卫,80平方米,南北,中层(共17层),简单装修,普通住宅,同泽园(武清),武清,3112036007617536,2023年07月16日
2500,付3押1,1室1厅1卫,37.7平方米,朝东,高层(共16层),精装修,普通住宅,摩登天空凤仪园,南开 兴南街,3112141090710533,2023年07月16日
2300,付3押1,1室1厅1卫,42平方米,东西,中层(共6层),精装修,普通住宅,南门外大街小区,和平 劝业场,3113563235195915,2023年07月15日
1100,面议,2室1厅1卫,60.4平方米,东西,中层(共26层),简单装修,普通住宅,美域新城,蓟州 渔阳镇,3114866104081423,2023年07月16日
900,半年付,2室1厅1卫,86平方米,南北,中层(共6层),精装修,普通住宅,国际城百合花苑,武清 河西务镇,3114685405060109,2023年07月16日
1200,付3押1,1室1厅1卫,33.6平方米,朝南,共4层,精装修,普通住宅,顺纺里, ,3114475524365313,2023年07月16日
1800,付3押1,2室1厅1卫,80平方米,南北,中层(共6层),精装修,普通住宅,普达里,北辰 普东街,3114513394490379,2023年07月16日
1000,年付,3室1厅1卫,114平方米,南北,低层(共6层),精装修,普通住宅,岳园小区,宝坻 宝平街,3113329636106253,2023年07月16日
2500,付3押1,2室1厅1卫,48.7平方米,西北,共5层,精装修,普通住宅,复康里, ,3114437928214537,2023年07月16日
1700,付3押1,2室1厅1卫,96平方米,南北,高层(共26层),简单装修,普通住宅,柴楼庄园,北辰 双街镇,3114714910137345,2023年07月16日
2400,付3押1,1室1厅1卫,41平方米,朝南,中层(共7层),精装修,普通住宅,卫安中里,南开 广开街,3112017868267533,2023年07月16日
1700,付3押1,1室1厅1卫,34平方米,朝南,低层(共6层),精装修,普通住宅,子牙南里,红桥 西于庄街,3114486370197505,2023年07月16日
1500,面议,2室2厅1卫,88平方米,朝南,中层(共16层),简单装修,普通住宅,泽信金汇湾儒香园,武清 杨村街,3113219106234376,2023年07月16日
2899,面议,2室1厅1卫,60平方米,南北,中层(共6层),精装修,普通住宅,荣迁东里,南开 学府街,3111908003258372,2023年07月16日
1400,面议,2室2厅1卫,93平方米,朝南,高层(共6层),精装修,普通住宅,城锦园,武清 城关镇,3112126367980558,2023年07月16日
2200,付3押1,2室1厅1卫,38平方米,朝东,中层(共6层),精装修,普通住宅,留园里(南开),南开,3113414192062472,2023年07月16日
1800,付3押1,2室2厅1卫,91平方米,南北,共5层,简单装修,普通住宅,华侨城汇涛苑, ,3112146794800130,2023年07月16日
2100,付3押1,2室1厅1卫,80平方米,东南,高层(共7层),精装修,普通住宅,随园公寓,河北 宁园街,3114398371029006,2023年07月16日
2300,付3押1,1室1厅1卫,34平方米,朝南,高层(共7层),精装修,普通住宅,宝德里,河西 大营门,3112055757152256,2023年07月16日
1350,付3押1,1室1厅1卫,60.6平方米,南北,高层(共6层),精装修,普通住宅,碧春园,红桥 双环邨街,3113655775976451,2023年07月16日
1700,付3押1,1室1厅1卫,40平方米,朝南,中层(共6层),精装修,普通住宅,华泰里,河东 春华街,3114707314565127,2023年07月16日
3500,付3押1,2室1厅1卫,23平方米,朝南,共5层,精装修,普通住宅,乐民里, ,3113577711313934,2023年07月16日
1300,付3押1,1室1厅1卫,60平方米,朝南,高层(共18层),简单装修,普通住宅,荣雅园,北辰 青光,3113398068748299,2023年07月16日
2800,付3押1,2室1厅1卫,50.1平方米,南北,低层(共6层),精装修,普通住宅,程林里,河东 上杭路,3113358195516422,2023年07月16日
1700,付3押1,2室1厅1卫,65平方米,南北,高层(共6层),简单装修,普通住宅,胜阳里,塘沽 新港街,3110743247511556,2023年07月16日
1300,付3押1,2室2厅1卫,106.4平方米,南北,高层(共6层),简单装修,普通住宅,航瑞雅庭,东丽 东丽湖,3113245303316492,2023年07月16日
2000,付3押1,2室1厅1卫,60平方米,东北,共5层,精装修,普通住宅,双山里, ,3110497138222083,2023年07月16日
7500,付3押1,4室2厅2卫,247平方米,南北,共4层,精装修,普通住宅,万联别墅小区(住宅),开发区 第二大街,3114443485471745,2023年07月16日
1200,半年付,2室1厅1卫,52平方米,朝南,共3层,简单装修,普通住宅,晨光楼(宁河),宁河 芦台镇,3113458322317312,2023年07月16日
1600,付3押1,1室1厅1卫,46.4平方米,朝南,高层(共30层),简单装修,普通住宅,东惠家园,河东 常州道,3113058478939137,2023年07月16日
1300,付3押1,2室1厅1卫,75平方米,朝南,共5层,精装修,普通住宅,菁华邨, ,3113065506841600,2023年07月16日
5800,付3押1,2室1厅1卫,91.3平方米,南北,高层(共24层),精装修,普通住宅,天霖园,南开 鼓楼,3111822366072835,2023年07月16日
4000,付3押1,2室1厅1卫,54.2平方米,南北,低层(共6层),精装修,普通住宅,前程里(河西),河西,3111862824262661,2023年07月15日
1500,付3押1,2室2厅1卫,85平方米,南北,低层(共7层),精装修,普通住宅,碧桂园丽泽府,静海 团泊镇,3113457647525888,2023年07月16日,1500,付3押1,2室2厅1卫,85平方米,南北,低层(共7层),精装修,普通住宅,碧桂园丽泽府,静海 团泊镇,3113457647525888,2023年07月16日
2400,付3押1,1室1厅1卫,46.9平方米,朝南,中层(共6层),精装修,普通住宅,谊城公寓,河西 友谊路,3112105325159428,2023年07月16日
2400,付3押1,2室1厅1卫,85平方米,朝南,低层(共22层),精装修,普通住宅,金地艺华年盈翠名苑,津南 双港,3112085526141957,2023年07月16日,2400,付3押1,2室1厅1卫,85平方米,朝南,低层(共22层),精装修,普通住宅,金地艺华年盈翠名苑,津南 双港,3112085526141957,2023年07月16日
2300,付3押1,2室1厅1卫,85平方米,南北,中层(共25层),简单装修,普通住宅,紫云华庭,塘沽 新港街,3111942401776653,2023年07月16日
17000,面议,3室2厅2卫,162.4平方米,南北,低层(共32层),精装修,普通住宅,府上和平,和平 体育馆,3112078795480070,2023年07月14日,17000,面议,3室2厅2卫,162.4平方米,南北,低层(共32层),精装修,普通住宅,府上和平,和平 体育馆,3112078795480070,2023年07月14日
3500,面议,2室1厅1卫,50平方米,南北,中层(共7层),精装修,普通住宅,爱国北里,河西 越秀路,3114820612054021,2023年07月16日
3000,面议,2室1厅1卫,88平方米,南北,低层(共52层),精装修,普通住宅,卓越浅水湾,河东 大王庄,3114734274698251,2023年07月16日
1700,付3押1,1室1厅1卫,59.6平方米,南北,高层(共15层),简单装修,普通住宅,中环福境,河北 铁东路街,3052565719194636,2023年07月16日
1200,付3押1,2室1厅1卫,50平方米,朝南,低层(共18层),简单装修,普通住宅,辰庆家园,北辰 北仓,3031210421657612,2023年07月14日
3000,付3押1,3室2厅2卫,106平方米,南北,低层(共18层),精装修,普通住宅,融科贻锦台,塘沽 工农村街,3111866452646920,2023年07月16日
1100,付3押1,2室2厅1卫,90平方米,朝南,高层(共23层),精装修,普通住宅,奥体公元101,静海 团泊镇,3111877754265607,2023年07月16日
1800,付3押1,1室1厅1卫,39.7平方米,朝南,高层(共7层),精装修,普通住宅,日光里,河北 鸿顺里街,3114511865977861,2023年07月16日
999,年付,1室1厅1卫,40平方米,南北,低层(共27层),精装修, ,东方尚都,宁河 芦台镇,2807177800358919,2023年07月16日
1500,付3押1,2室1厅1卫,90平方米,南北,中层(共6层),简单装修,普通住宅,顺和北里,北辰 果园新村,3111682957925380,2023年07月16日
3200,面议,1室1厅1卫,73平方米,东南,高层(共26层),豪华装修,普通住宅,奥林匹克村,南开 体育中心,3114832978205709,2023年07月16日
1850,付3押1,2室1厅1卫,62平方米,南北,低层(共6层),精装修,普通住宅,梨秀园,西青 新梅江南,3113491934731276,2023年07月16日
1500,面议,2室1厅1卫,87平方米,南北,中层(共32层),简单装修,普通住宅,津南新城合安园,津南 咸水沽,3113575149085699,2023年07月16日
2400,付3押1,2室2厅1卫,78平方米,南北,高层(共28层),精装修,普通住宅,香雪苑,津南 双港,3114747066620942,2023年07月16日
1800,付3押1,1室1厅1卫,38.3平方米,南北,中层(共19层),精装修, ,新津国际,西青 中北,3113054342733836,2023年07月16日
1200,半年付,2室1厅1卫,97平方米,南北,低层(共7层),简单装修,普通住宅,泉上文华,武清 黄庄街,3112166838772736,2023年07月16日
3600,付3押1,3室2厅2卫,113.5平方米,南北,高层(共32层),精装修,普通住宅,万科海港城(一二期),一二期,3114588444008450,2023年07月16日
1699,付1押1,1室1厅1卫,42平方米,南北,中层(共7层),精装修,普通住宅,凤园里,南开 王顶堤,3113559214908428,2023年07月16日
1500,付3押1,2室1厅1卫,54.5平方米,南北,共5层,精装修,普通住宅,天辰公寓, ,3094711875182592,2023年07月16日
2200,付3押1,2室1厅1卫,79.9平方米,南北,高层(共6层),精装修,普通住宅,佳园东里(东区),东区,3113190537552900,2023年07月16日
1450,付3押1,1室1厅1卫,73平方米,朝南,低层(共24层),精装修,普通住宅,欣桃园,津南 双港,3111570217116672,2023年07月16日
1500,付3押1,2室1厅1卫,90平方米,朝南,高层(共34层),简单装修,普通住宅,远洋城滨雅花园,塘沽 胡家园街,3114615375143947,2023年07月16日
2999,面议,2室1厅1卫,80平方米,南北,中层(共24层),精装修,普通住宅,风湖里,南开 学府街,3113659175084034,2023年07月16日
2500,半年付押1,3室2厅1卫,118平方米,南北,中层(共29层),精装修,普通住宅,恒大御景湾,北辰 宜兴埠,3050936556281861,2023年07月16日
1200,付3押1,2室1厅1卫,80.6平方米,朝南,中层(共24层),精装修,普通住宅,星福庭苑,北辰 双街镇,3114417604729871,2023年07月16日
1600,付3押1,1室1厅1卫,50平方米,南北,低层(共6层),精装修,普通住宅,子牙里,红桥 西于庄街,3111686357132295,2023年07月16日
1600,付3押1,1室1厅1卫,44.2平方米,朝北,中层(共20层),精装修,普通住宅,都汇杰座,北辰 北仓,3111611092753409,2023年07月14日
2200,付3押1,2室1厅1卫,115平方米,南北,高层(共6层),精装修,普通住宅,胜景花园,河北 新开河街,3065179702486018,2023年07月16日
2100,付3押1,1室1厅1卫,45平方米,南北,低层(共31层),精装修,普通住宅,中海御湖翰苑(商住楼),商住楼,3110518358564873,2023年07月16日
2300,付1押1,1室1厅1卫,45平方米,朝南,中层(共6层),豪华装修,普通住宅,宾水南里,河西 天塔,3113009387199492,2023年07月16日
2300,付3押1,2室1厅1卫,39.8平方米,南北,低层(共7层),精装修,普通住宅,文苑楼,河西 友谊路,2998820886387722,2023年07月15日
1100,付3押1,1室1厅1卫,37.3平方米,朝南,低层(共28层),精装修,普通住宅,辰庆家园,北辰 北仓,3113279988719620,2023年07月16日
1500,面议,2室1厅1卫,90平方米,南北,高层(共34层),简单装修,普通住宅,津南新城合茂园,津南 咸水沽,3113335773176844,2023年07月15日
4100,付3押1,2室1厅1卫,90平方米,朝东,中层(共23层),精装修,普通住宅,铜锣湾花园,南开 鼓楼,3111643530698766,2023年07月16日
2500,付3押1,2室2厅1卫,90平方米,朝南,高层(共14层),精装修,普通住宅,远洋新干线,东丽 空港经济区,3114501739781124,2023年07月16日
1800,付3押1,1室1厅1卫,40平方米,朝南,高层(共7层),精装修,普通住宅,瑞德里,南开 广开街,3050834799877121,2023年07月16日
1800,付3押1,1室1厅1卫,59平方米,南北,高层(共11层),精装修,普通住宅,宝翠花都探景园,北辰 瑞景街,3113550187699204,2023年07月16日
2900,付3押1,2室2厅1卫,78.3平方米,东西,高层(共6层),精装修,普通住宅,飞云里,南开 万兴街,3114558613691406,2023年07月16日
2400,付3押1,1室1厅1卫,70平方米,南北,高层(共41层),精装修,普通住宅,君临大厦,河北 光复道街,3111794392949760,2023年07月16日
1500,面议,2室1厅1卫,80平方米,南北,高层(共25层),简单装修,普通住宅,鑫洋园,津南 咸水沽,3114519790265346,2023年07月16日
3500,付3押1,3室1厅2卫,102.8平方米,朝南,高层(共6层),精装修,普通住宅,水木天成阁林园,红桥 西沽街,3066400611097606,2023年07月16日
1600,付3押1,1室1厅1卫,53.9平方米,西北,低层(共6层),精装修,普通住宅,桂江里(河西),河西,3110510686135306,2023年07月16日
1300,面议,2室1厅1卫,75平方米,南北,高层(共15层),精装修,普通住宅,泉昇佳苑中区,武清 黄庄街,3111778610979840,2023年07月16日
1400,付3押1,1室1厅1卫,50平方米,南北,中层(共6层),精装修,普通住宅,翠涛东里,北辰 宜兴埠,3113076038409226,2023年07月16日
2700,付3押1,2室1厅1卫,98平方米,南北,中层(共6层),精装修,普通住宅,中盈小区,开发区 第三大街,3112030741322761,2023年07月16日
2000,付3押1,2室1厅1卫,90平方米,南北,低层(共20层),简单装修,普通住宅,新城福津园,大港 世纪大道,3111758812094478,2023年07月16日
1200,面议,1室1厅1卫,61平方米,南北,高层(共19层),精装修,普通住宅,丽泽花园(武清),武清,3112138318667791,2023年07月16日
3000,付3押1,2室1厅1卫,76.5平方米,南北,高层(共6层),精装修,普通住宅,水西园,红桥 芥园街,3041130531430413,2023年07月16日
4500,付1押1,2室1厅1卫,99平方米,朝南,低层(共17层),精装修,普通住宅,新安花园,南开 鼓楼,3113297155269641,2023年07月16日
1700,付3押1,3室1厅1卫,94平方米,朝南,中层(共30层),简单装修,普通住宅,盛泽园,北辰 青光,3106186295876611,2023年07月16日
2500,付3押1,3室2厅1卫,106平方米,南北,高层(共7层),豪华装修,普通住宅,路劲赞成,津南 海河教育园区,3114853886682122,2023年07月16日
2600,付3押1,2室1厅1卫,59平方米,南北,高层(共6层),精装修,普通住宅,新庆里,南开 广开街,3113127442768896,2023年07月16日
1600,半年付押1,2室2厅1卫,73平方米,朝南,中层(共28层),精装修,普通住宅,保利上河雅颂(南区),南区,3113332463215617,2023年07月15日
1500,付3押1,2室2厅1卫,90平方米,朝南,高层(共21层),简单装修,普通住宅,水岸花园,塘沽 北塘街,3111790082334723,2023年07月16日,1500,付3押1,2室2厅1卫,90平方米,朝南,高层(共21层),简单装修,普通住宅,水岸花园,塘沽 北塘街,3111790082334723,2023年07月16日
2200,付3押1,1室1厅1卫,53平方米,朝南,中层(共28层),精装修,普通住宅,兰江新苑,河西 小海地,3111761611873292,2023年07月16日
1500,付3押1,2室1厅1卫,75平方米,朝南,低层(共22层),精装修,普通住宅,金益园,津南 咸水沽,3114479029018634,2023年07月16日,1500,付3押1,2室1厅1卫,75平方米,朝南,低层(共22层),精装修,普通住宅,金益园,津南 咸水沽,3114479029018634,2023年07月16日
1500,面议,2室2厅1卫,102平方米,南北,中层(共25层),精装修,普通住宅,天锦园,宝坻 海滨街,3111869521798145,2023年07月16日,1500,面议,2室2厅1卫,102平方米,南北,中层(共25层),精装修,普通住宅,天锦园,宝坻 海滨街,3111869521798145,2023年07月16日
5600,付3押1,2室1厅1卫,180.8平方米,朝北,中层(共27层),简单装修,普通住宅,金海岸公寓,河北 望海楼街,3114548598300685,2023年07月16日
2500,付3押1,3室1厅1卫,99平方米,南北,高层(共11层),精装修,普通住宅,文德花园,津南 海河教育园区,3114739527834629,2023年07月16日,2500,付3押1,3室1厅1卫,99平方米,南北,高层(共11层),精装修,普通住宅,文德花园,津南 海河教育园区,3114739527834629,2023年07月16日
1500,面议,2室1厅1卫,82平方米,南北,中层(共28层),简单装修,普通住宅,津南新城合雅园,津南 咸水沽,3113379498927110,2023年07月16日
2500,付3押1,3室2厅2卫,131.7平方米,南北,中层(共6层),精装修,普通住宅,逸园,东丽 华明镇,3112032611753986,2023年07月16日,2500,付3押1,3室2厅2卫,131.7平方米,南北,中层(共6层),精装修,普通住宅,逸园,东丽 华明镇,3112032611753986,2023年07月16日
1500,付3押1,2室1厅1卫,81.4平方米,南北,高层(共21层),简单装修,普通住宅,舒畅嘉园,东丽 地毯路,3113267740746753,2023年07月16日
1700,付3押1,2室1厅1卫,65平方米,南北,中层(共7层),精装修,普通住宅,新华里(滨海),滨海,3113458994600966,2023年07月16日,1700,付3押1,2室1厅1卫,65平方米,南北,中层(共7层),精装修,普通住宅,新华里(滨海),滨海,3113458994600966,2023年07月16日
2600,付3押1,2室1厅1卫,51平方米,朝南,高层(共7层),精装修,普通住宅,利合里,河西 下瓦房,3113530590878731,2023年07月16日
3300,付3押1,1室1厅1卫,57平方米,朝南,中层(共28层),精装修,公寓,新汇华庭(商住楼),商住楼,3111658474578956,2023年07月16日
1700,付3押1,1室1厅1卫,40平方米,朝南,中层(共6层),精装修,普通住宅,桥园里(河北),河北,3110694072919053,2023年07月16日
2800,付3押1,1室1厅1卫,50平方米,朝南,高层(共6层),精装修,普通住宅,勤建里,和平 新兴街,3113497336849423,2023年07月15日
1600,面议,2室2厅1卫,91.2平方米,南北,低层(共27层),简单装修,普通住宅,鸿坤原乡郡,武清 杨村街,3111716068121609,2023年07月16日
2600,付3押1,2室2厅1卫,72平方米,南北,中层(共15层),简单装修,普通住宅,金隅悦城品香苑,东丽 张贵庄街,3113325143531526,2023年07月16日
4200,付3押1,1室1厅1卫,57平方米,朝西,低层(共27层),简单装修,公寓,北辰红星国际广场(商住楼),商住楼,3107538706506752,2023年07月16日
3800,付3押1,2室1厅1卫,96平方米,南北,高层(共29层),精装修,普通住宅,雅仕兰庭,河东 富民路,3114514759394309,2023年07月16日
1700,付3押1,1室1厅1卫,40平方米,朝南,中层(共6层),精装修,普通住宅,湘潭里,红桥 西沽街,3114863409437704,2023年07月16日
2200,付3押1,2室2厅1卫,86平方米,朝南,低层(共32层),精装修,普通住宅,金地格林世界棕榈苑,津南 双港,3111600612090884,2023年07月16日
1200,付1押1,1室1厅1卫,50平方米,朝南,共4层,精装修,普通住宅,滨海人家(一期),塘沽 杭州道街,2998311171990531,2023年07月16日
4000,付3押1,3室2厅2卫,150平方米,南北,高层(共11层),精装修,普通住宅,阳光100国际新城东园,南开 体育中心,3114449747337222,2023年07月16日
1800,付3押1,2室2厅1卫,66.8平方米,南北,低层(共6层),精装修,普通住宅,双街新家园,北辰 双街镇,3113055410494468,2023年07月16日
1800,面议,2室1厅1卫,99平方米,朝南,高层(共16层),精装修,普通住宅,荔隆观邸,武清 杨村街,3114601233195016,2023年07月16日
2700,付3押1,2室1厅1卫,91平方米,南北,中层(共33层),精装修,普通住宅,隆达新苑,河北 江都路街,3113511526489100,2023年07月16日
2200,付3押1,2室1厅1卫,94平方米,南北,高层(共6层),精装修,普通住宅,馨苑小区,塘沽 新港街,3113369437084672,2023年07月16日
2800,付3押1,3室1厅1卫,140平方米,南北,高层(共6层),精装修,普通住宅,中铁十八局集团(北区),北区,3111630088821775,2023年07月16日
1800,面议,2室1厅1卫,90平方米,南北,共5层,精装修,普通住宅,阳光佳园一里, ,3114482550891523,2023年07月16日
2700,付1押1,2室1厅1卫,80平方米,朝南,低层(共30层),精装修,普通住宅,君临大厦,河北 光复道街,3113440291464202,2023年07月16日
1500,面议,1室1厅1卫,55.1平方米,朝东,高层(共32层),简单装修,普通住宅,民畅园,红桥 咸阳北路街,3113606823255041,2023年07月16日
1600,付1押1,1室1厅1卫,40平方米,朝南,高层(共7层),精装修,普通住宅,迎风里,南开 王顶堤,3113623998013446,2023年07月16日
3300,面议,2室1厅1卫,70平方米,南北,高层(共6层),精装修,普通住宅,莲安里,南开 嘉陵道,3112836145292303,2023年07月16日
1400,付3押1,2室2厅1卫,83平方米,朝南,低层(共18层),精装修,普通住宅,星安庭苑,北辰 北辰周边,3060909887036429,2023年07月16日
2300,年付押1,3室1厅1卫,100平方米,南北,中层(共33层),简单装修,普通住宅,保利上河雅颂(南区),南区,3114419889677325,2023年07月16日
2200,付3押1,2室1厅1卫,92平方米,朝南,低层(共26层),精装修,普通住宅,金城嘉园,宁河 芦台镇,3112224461398020,2023年07月16日
1900,付3押1,1室1厅1卫,41平方米,南北,中层(共7层),精装修,普通住宅,卫安北里,南开 广开街,3111618094129158,2023年07月16日
1200,付3押1,1室1厅1卫,32平方米,南北,高层(共8层),豪华装修,普通住宅,礼貌东里小区,红桥 西沽街,2983104302345226,2023年07月16日
1300,面议,1室1厅1卫,60平方米,朝南,低层(共27层),精装修,普通住宅,经纬城市绿洲华清家园,武清 杨村街,3113051138514955,2023年07月16日
2200,付3押1,1室1厅1卫,40平方米,南北,中层(共6层),精装修,普通住宅,宾水东里,河西 天塔,3113820954027022,2023年07月16日
1700,面议,2室1厅1卫,70平方米,朝南,低层(共19层),精装修,普通住宅,盛世家园,武清 杨村街,3111669017615369,2023年07月16日
1500,付3押1,2室0厅1卫,68平方米,东南,中层(共32层),简单装修,普通住宅,和睦园,塘沽 西大沽街,3114501907323916,2023年07月16日
1400,付3押1,2室1厅1卫,78平方米,朝南,中层(共15层),精装修,普通住宅,新城悦隽风华滨斓苑,北辰 大张庄镇,3113671829445645,2023年07月16日
2500,付3押1,2室1厅2卫,55平方米,南北,中层(共9层),简单装修,普通住宅,童年湖,东丽 空港经济区,3091832640134156,2023年07月14日
2300,付3押1,1室1厅1卫,54平方米,西南,高层(共29层),精装修,普通住宅,熙汇广场,南开 黄河道,3114848138518539,2023年07月16日
1000,面议,1室1厅1卫,55平方米,南北,低层(共21层),简单装修,普通住宅,状元城,宝坻 朝霞街,3112997770238982,2023年07月16日
2300,付1押1,2室2厅1卫,100平方米,南北,共5层,精装修,普通住宅,富家湾, ,3114691916749836,2023年07月16日
1900,付3押1,2室1厅1卫,43平方米,朝南,高层(共6层),精装修,普通住宅,清源楼,红桥 咸阳北路街,3113306557029378,2023年07月16日
2100,半年付押1,2室2厅1卫,99平方米,南北,共5层,精装修,普通住宅,雍馨花园, ,3114667701051399,2023年07月16日
1600,付3押1,1室1厅1卫,44平方米,朝南,中层(共6层),精装修,普通住宅,春畅里,南开 向阳路,3113290365672455,2023年07月16日
2500,付3押1,2室2厅1卫,91平方米,南北,高层(共34层),精装修,普通住宅,鸿正富贵嘉园,塘沽 新港街,3114780121572358,2023年07月16日
2200,付3押1,1室1厅1卫,87平方米,朝南,高层(共14层),简单装修,普通住宅,金泰丽湾,东丽 华明镇,3106122434404365,2023年07月16日
2100,半年付押1,2室2厅1卫,100平方米,朝南,低层(共6层),精装修,普通住宅,栖仙温泉公寓中区,武清 杨村街,3114533419311113,2023年07月16日
2600,付3押1,2室1厅1卫,96平方米,南北,高层(共11层),精装修,普通住宅,君悦花苑,西青 张家窝,3102186762525709,2023年07月16日
1900,付3押1,1室1厅1卫,43.1平方米,南北,低层(共6层),精装修,普通住宅,燕园里,南开 王顶堤,3114559763979272,2023年07月16日
2500,付3押1,2室2厅1卫,79平方米,南北,低层(共29层),精装修,普通住宅,假日盈润园,西青 中北,3111654411575297,2023年07月15日
2000,付3押1,1室1厅1卫,41.7平方米,朝南,低层(共6层),精装修,普通住宅,长青北里,河北 建昌道街,3114419539862532,2023年07月16日
1100,面议,1室1厅1卫,53.9平方米,朝南,中层(共27层),精装修,普通住宅,五子家园,蓟州 罗庄子镇,3111685657468939,2023年07月16日
1300,付3押1,1室1厅1卫,45平方米,南北,高层(共6层),精装修,普通住宅,宇萃里,河北 王串场街,3113655288044554,2023年07月15日
2400,付3押1,3室1厅1卫,93平方米,南北,低层(共16层),简单装修,普通住宅,社会山南苑,西青 张家窝,3111652150778887,2023年07月15日
2200,付3押1,1室1厅1卫,40平方米,朝南,高层(共7层),精装修,普通住宅,延生里,南开 兴南街,3114762540704777,2023年07月16日
2400,付3押1,3室3厅3卫,110平方米,南北,高层(共11层),精装修,普通住宅,联发欣悦学府,塘沽 北塘街,3113149367917569,2023年07月16日
1400,付1押1,2室1厅1卫,94平方米,南北,高层(共22层),精装修,普通住宅,东岸虹苑,汉沽 寨上街,3110600160863239,2023年07月14日
2500,面议,2室1厅1卫,93平方米,南北,中层(共21层),精装修,普通住宅,振业名邸,红桥 双环邨街,3031264170122251,2023年07月16日
2800,面议,2室1厅1卫,48平方米,南北,高层(共6层),精装修,普通住宅,祺寿里,河西 大营门,3112066397625359,2023年07月16日
2500,面议,3室2厅2卫,98平方米,南北,高层(共11层),精装修,普通住宅,融侨阳光城皓玥,西青 张家窝,3113070499257352,2023年07月16日
1100,付3押1,1室1厅1卫,40平方米,朝南,高层(共6层),精装修,普通住宅,黄海里,河西 柳林,3113087665185805,2023年07月16日
2500,付3押1,3室2厅1卫,89平方米,南北,高层(共9层),精装修,普通住宅,万科四季花城雅园,西青 张家窝,3098942561035277,2023年07月16日
1400,付3押1,1室1厅1卫,32平方米,朝南,低层(共6层),精装修,普通住宅,光荣楼,红桥 丁字沽街,3113439227108352,2023年07月16日
2800,付3押1,3室1厅1卫,97平方米,南北,高层(共26层),精装修,普通住宅,招商公园1872,西青 张家窝,3111600861666313,2023年07月16日
2200,付1押1,1室1厅1卫,55平方米,南北,高层(共7层),精装修,普通住宅,善安里,河北 光复道街,3113068482911242,2023年07月16日
4500,付3押1,2室1厅1卫,115平方米,东南,低层(共27层),精装修,普通住宅,悦海大厦,河北 光复道街,3113297267024901,2023年07月16日
2000,付3押1,3室2厅1卫,109.3平方米,南北,低层(共27层),精装修,普通住宅,欧铂城小区,北辰 小淀,3113264659570692,2023年07月16日
2500,面议,2室1厅1卫,82平方米,南北,低层(共27层),精装修,普通住宅,宝福家园,津南 双港,3114473459997700,2023年07月16日
2900,付3押1,1室1厅1卫,59.5平方米,朝东,中层(共32层),精装修,普通住宅,吉利花园,和平 南营门,3114506409730063,2023年07月16日
1400,付3押1,1室1厅1卫,53平方米,南北,中层(共30层),精装修,普通住宅,和苑梦和园,红桥 西营门街,3111584990060553,2023年07月16日
1950,付3押1,1室1厅1卫,50平方米,朝南,高层(共6层),精装修,普通住宅,潞河园,红桥 丁字沽街,3111859301277706,2023年07月16日
2200,付3押1,2室1厅1卫,85.8平方米,南北,高层(共6层),精装修,普通住宅,龙禧园,红桥 西沽街,3111582323287045,2023年07月16日
1000,付3押1,1室1厅1卫,70平方米,西北,低层(共33层),简单装修,普通住宅,招商依水郡,静海 团泊镇,3113369301738507,2023年07月15日
3000,付3押1,2室1厅1卫,88平方米,朝南,共4层,精装修,普通住宅,锦润华庭, ,3114704732937216,2023年07月16日
2200,付3押1,2室1厅1卫,59.2平方米,南北,高层(共6层),精装修,普通住宅,长治里,南开 万兴街,3111989237604362,2023年07月16日
2400,付3押1,2室1厅1卫,93平方米,南北,共5层,精装修,普通住宅,福渔园, ,3079614592228358,2023年07月16日
2400,付3押1,3室2厅2卫,131.9平方米,南北,高层(共8层),简单装修,普通住宅,紫罗园,北辰 集贤里,3113493526520844,2023年07月16日
3200,付3押1,2室2厅1卫,88平方米,朝南,中层(共28层),精装修,普通住宅,雅境新枫尚,河西 梅江,3112027348132878,2023年07月16日
2600,付3押1,2室1厅1卫,66平方米,东南,低层(共6层),精装修,普通住宅,益鑫里,红桥 卲公庄街,3105039383110668,2023年07月16日
2600,付3押1,2室1厅1卫,96平方米,朝南,中层(共14层),精装修,普通住宅,翠海佳园,东丽 程林街,3113347168083977,2023年07月16日
1800,付3押1,2室1厅1卫,86.8平方米,朝南,中层(共28层),精装修,普通住宅,富锦华庭,北辰 北仓,3094869133419526,2023年07月16日
2300,付3押1,1室1厅1卫,70.1平方米,朝南,中层(共32层),精装修,普通住宅,隆达新苑,河北 江都路街,3114385995375631,2023年07月16日
2000,付3押1,2室1厅1卫,70平方米,南北,低层(共7层),精装修,普通住宅,栖霞里,红桥 西沽街,3111970576130048,2023年07月16日
1800,付3押1,2室1厅1卫,65平方米,南北,低层(共6层),精装修,普通住宅,容彩里,河北 王串场街,3114572957131780,2023年07月16日,1800,付3押1,2室1厅1卫,65平方米,南北,低层(共6层),精装修,普通住宅,容彩里,河北 王串场街,3114572957131780,2023年07月16日
1300,付3押1,3室1厅1卫,68平方米,南北,低层(共10层),精装修,普通住宅,宝德云湾,塘沽 新城镇,3113523547529221,2023年07月16日
1500,付3押1,1室1厅1卫,48.4平方米,朝东,中层(共32层),精装修,普通住宅,和睦园,塘沽 西大沽街,3114483816652813,2023年07月16日
6600,付3押1,3室2厅2卫,105平方米,东南,高层(共28层),精装修,普通住宅,中交海河公馆,南开 鼓楼,3113559250197506,2023年07月16日
1800,付3押1,2室1厅1卫,86.8平方米,朝南,中层(共28层),精装修,普通住宅,富锦华庭,北辰 北仓,3089364534535168,2023年07月16日
1400,付3押1,1室1厅1卫,43平方米,南北,高层(共6层),精装修,普通住宅,丹江里,河北 靖江路街,3113066181827586,2023年07月16日
2400,付3押1,3室2厅2卫,117平方米,南北,中层(共8层),精装修,普通住宅,融创臻园兰禾嘉苑,北辰 宜兴埠,3113364407002117,2023年07月16日
1500,面议,3室2厅2卫,129平方米,南北,中层(共17层),精装修,普通住宅,蝶恋祥园,宝坻 宝平街,3113303968865282,2023年07月16日
1900,付3押1,2室1厅1卫,60平方米,南北,中层(共6层),精装修,普通住宅,官易里,南开 向阳路,3113485584440326,2023年07月16日
2300,面议,1室1厅1卫,56平方米,南北,低层(共9层),精装修,普通住宅,爱丽家园西区,开发区 第三大街,3113259728460807,2023年07月16日
4500,付3押1,2室1厅1卫,49平方米,南北,中层(共8层),精装修,普通住宅,裕德里,和平 南市,3114472456838159,2023年07月16日
1800,年付,2室1厅1卫,88平方米,南北,低层(共18层),精装修,普通住宅,富锦华庭,北辰 北仓,3112073098173441,2023年07月16日
2000,付3押1,1室1厅1卫,44.9平方米,东西,高层(共8层),精装修,普通住宅,新城小区,河西 挂甲寺,3079111490542599,2023年07月16日
1700,半年付押1,3室2厅1卫,120平方米,南北,共5层,精装修,普通住宅,新湾花园(北园),武清 杨村街,3112963655195658,2023年07月16日
3200,付3押1,2室2厅1卫,88.2平方米,南北,中层(共6层),精装修,普通住宅,雅园,开发区 第三大街,3109069472343054,2023年07月15日
1100,付3押1,1室1厅1卫,63.3平方米,朝南,低层(共14层),精装修,普通住宅,盛锦苑,东丽 东丽湖,3080771813991429,2023年07月16日
3500,付3押1,2室2厅1卫,86平方米,朝南,低层(共11层),精装修,普通住宅,远洋新干线,东丽 空港经济区,3111950951128075,2023年07月16日
3600,付3押1,2室1厅1卫,94平方米,南北,低层(共29层),精装修,普通住宅,红星国际晶品轩,河东 上杭路,3008280776649729,2023年07月16日
1600,半年付押1,2室1厅1卫,66平方米,南北,共5层,精装修,普通住宅,曹园小区, ,3113235472571394,2023年07月16日
2500,付3押1,2室1厅1卫,100平方米,南北,中层(共8层),精装修,普通住宅,迎春园,塘沽 工农村街,3113102304699407,2023年07月16日
1500,付3押1,2室1厅1卫,78.5平方米,南北,高层(共27层),精装修,普通住宅,沽上江南,津南 咸水沽,3113178667000847,2023年07月16日
4300,付3押1,1室1厅1卫,61平方米,朝北,低层(共66层),精装修,普通住宅,和平翰林公馆,和平 劝业场,3113441262722052,2023年07月16日
4300,付3押1,1室1厅1卫,61平方米,朝北,低层(共66层),精装修,普通住宅,和平翰林公馆,和平 劝业场,3113349050162184,2023年07月16日
1900,付3押1,1室1厅1卫,65.6平方米,朝南,高层(共21层),精装修,普通住宅,新科园,西青 中北,3112106148502534,2023年07月16日
1500,付1押1,1室1厅1卫,60平方米,南北,低层(共30层),精装修,普通住宅,贻成尚北,塘沽 工农村街,3113355398471693,2023年07月15日
1600,付3押1,2室2厅1卫,87.8平方米,南北,低层(共26层),精装修,普通住宅,恒大翡翠华庭,东丽 东丽湖,3113121069064194,2023年07月16日
1400,面议,2室2厅1卫,90平方米,南北,中层(共17层),精装修,普通住宅,挹青园,宝坻 海滨街,3114821460190208,2023年07月16日
2500,付3押1,2室1厅1卫,63.2平方米,西北,高层(共27层),精装修,公寓,北辰红星国际广场(商住楼),商住楼,3096167940530179,2023年07月16日
1600,付3押1,1室1厅1卫,55.6平方米,朝南,高层(共28层),精装修,普通住宅,和苑梦和园,红桥 西营门街,3111584155212806,2023年07月16日
2400,付3押1,2室1厅1卫,95平方米,南北,中层(共11层),精装修,普通住宅,君悦花苑,西青 张家窝,3114405118467079,2023年07月16日
3500,付3押1,2室1厅1卫,65平方米,南北,低层(共6层),精装修,普通住宅,福至里,河西 下瓦房,3112038445703176,2023年07月16日
4200,付3押1,3室2厅2卫,133平方米,南北,低层(共6层),精装修,普通住宅,云锦世家(南区),南区,3113372054955013,2023年07月16日
2500,付3押1,1室2厅1卫,60平方米,南北,低层(共20层),精装修,公寓,君景广场,开发区 第五大街,3093881286286346,2023年07月16日
1700,付3押1,2室1厅1卫,86平方米,朝南,低层(共34层),精装修,普通住宅,远洋城滨翔花园,塘沽 胡家园街,3113427702651910,2023年07月16日
1800,付3押1,2室1厅1卫,97平方米,南北,高层(共24层),精装修,普通住宅,欣雅苑,塘沽 北塘街,3069193382765569,2023年07月16日
3500,付3押1,3室2厅1卫,89平方米,南北,高层(共11层),精装修,普通住宅,金融街融汇,西青 海泰高新区,3113457952416768,2023年07月16日
1350,付3押1,2室2厅1卫,87.4平方米,南北,高层(共28层),精装修,普通住宅,恒大翡翠华庭,东丽 东丽湖,3093233496302592,2023年07月16日,1350,付3押1,2室2厅1卫,87.4平方米,南北,高层(共28层),精装修,普通住宅,恒大翡翠华庭,东丽 东丽湖,3093233496302592,2023年07月16日
1600,付3押1,2室1厅1卫,96平方米,南北,中层(共30层),精装修,普通住宅,盛泽园,北辰 青光,3110561214669826,2023年07月15日
4000,面议,3室2厅1卫,91平方米,南北,高层(共14层),精装修,普通住宅,君景广场,开发区 第五大街,3113246702690305,2023年07月16日
4500,付3押1,2室2厅1卫,90平方米,朝南,低层(共16层),豪华装修,普通住宅,睦华里,红桥 铃铛阁街,3114399110978562,2023年07月16日
2400,付3押1,3室2厅1卫,91平方米,南北,高层(共18层),精装修,普通住宅,万科四季花城雅园,西青 张家窝,3114524246172674,2023年07月16日
1800,付3押1,2室2厅1卫,92平方米,南北,高层(共27层),精装修,普通住宅,瞰海轩,滨海新区 滨海城区,3113230819154958,2023年07月16日
3000,付1押1,3室2厅2卫,165平方米,南北,共5层,精装修,普通住宅,先锋公寓, ,3102033798226956,2023年07月16日
1800,付3押1,3室2厅2卫,123平方米,南北,高层(共8层),精装修,普通住宅,蓝光雍锦香颂,津南 咸水沽,3114479923372041,2023年07月16日
1000,半年付押1,1室1厅1卫,78平方米,朝南,低层(共15层),精装修,普通住宅,景瑞花园,武清 徐官屯街,3113134227610625,2023年07月16日
5200,付3押1,3室1厅1卫,128.1平方米,南北,中层(共11层),精装修,普通住宅,汇和家园,河东 春华街,3114723091620878,2023年07月16日
2500,付3押1,3室2厅2卫,120平方米,朝南,高层(共6层),精装修,普通住宅,中建海纳府,开发区 中新生态城,3114618548560904,2023年07月16日
3000,面议,2室1厅1卫,58平方米,朝南,中层(共8层),精装修,普通住宅,振河里,和平 新兴街,3114843300979720,2023年07月16日
2300,半年付,2室2厅1卫,78平方米,南北,高层(共7层),精装修,普通住宅,龙湖天璞,津南 海河教育园区,3110776640496651,2023年07月16日
6200,面议,2室2厅1卫,117平方米,南北,高层(共7层),精装修,普通住宅,宏达公寓(和平),和平,3114447248645133,2023年07月16日
1700,付3押1,2室1厅1卫,84平方米,朝南,低层(共24层),精装修,普通住宅,欣雅苑,塘沽 北塘街,3114813710917636,2023年07月16日
900,付2押1,2室2厅1卫,85平方米,南北,中层(共27层),简单装修,普通住宅,富力新城雍景豪庭,静海 团泊镇,3113134433870849,2023年07月15日
3500,付3押1,3室2厅1卫,128平方米,南北,中层(共6层),精装修,普通住宅,新华里(滨海),滨海,3111915481832458,2023年07月16日
2400,付3押1,2室2厅1卫,68平方米,南北,中层(共6层),简单装修,普通住宅,光华小区,河东 富民路,3083534710218756,2023年07月16日
3000,付3押1,1室1厅1卫,85.6平方米,南北,中层(共18层),精装修,普通住宅,凌奥产业园国际公寓,南开 体育中心,3113471664659460,2023年07月16日
2200,付3押1,1室1厅1卫,40平方米,朝南,高层(共8层),精装修,普通住宅,新城小区,河西 挂甲寺,3113327263276032,2023年07月16日
1900,付3押1,2室1厅1卫,86平方米,南北,高层(共18层),精装修,普通住宅,富锦华庭,北辰 北仓,3113058232705032,2023年07月16日
3200,付3押1,2室1厅1卫,72平方米,南北,高层(共11层),精装修,普通住宅,兰江新苑,河西 小海地,3110694137502721,2023年07月16日
1600,付3押1,2室1厅1卫,55平方米,南北,低层(共6层),精装修,普通住宅,泰来西里,北辰 集贤里,3099275644017673,2023年07月16日
2200,付3押1,3室1厅1卫,71.8平方米,南北,低层(共6层),精装修,普通住宅,拜泉里,北辰 北仓,3113481859374081,2023年07月16日
1100,付3押1,1室1厅1卫,45平方米,朝南,高层(共13层),精装修,普通住宅,宇顺园,塘沽 胡家园街,3111575858748426,2023年07月16日
1250,付3押1,1室1厅1卫,51.8平方米,朝南,高层(共32层),精装修,普通住宅,力高阳光海岸逸海苑,滨海新区 滨海城区,3113562408098826,2023年07月16日
1750,付1押1,1室1厅1卫,48.9平方米,南北,高层(共18层),精装修,普通住宅,碧春园,红桥 双环邨街,3113074405237771,2023年07月16日
1200,面议,2室2厅1卫,100平方米,南北,共5层,精装修,普通住宅,广厦南里西区, ,3112056446409729,2023年07月16日
2800,付3押1,2室2厅2卫,49.8平方米,南北,中层(共23层),精装修,普通住宅,首创大河公馆,河北 新开河街,3113011418192911,2023年07月16日
1100,付3押1,1室1厅1卫,29平方米,朝南,中层(共6层),简单装修,普通住宅,富民路94号院,河东 富民路,3053846030032902,2023年07月16日
1000,付3押1,2室1厅1卫,56平方米,南北,中层(共6层),精装修,普通住宅,引河里,北辰 北仓,3113332222843915,2023年07月16日
1750,付1押1,1室1厅1卫,50平方米,南北,低层(共32层),精装修,普通住宅,融科心贻湾,塘沽 工农村街,3073983408872456,2023年07月16日
2600,付3押1,2室1厅1卫,82平方米,南北,中层(共15层),精装修,普通住宅,万科西庐文韵园,西青 精武,3111644772850688,2023年07月16日
2500,付3押1,1室1厅1卫,47平方米,朝北,高层(共27层),精装修,普通住宅,保利国际博朗园,南开 广开街,3114503583784964,2023年07月16日
1600,半年付押1,2室2厅1卫,87平方米,朝南,高层(共23层),精装修,普通住宅,翠亨花园北里,武清 杨村街,3114560777461773,2023年07月16日
1000,付3押1,1室1厅1卫,50平方米,南北,共5层,精装修,普通住宅,人祥南里, ,3114565627534338,2023年07月16日
2600,半年付押1,3室2厅1卫,115平方米,南北,中层(共16层),精装修,普通住宅,紫泉庭苑,武清 杨村街,3111686377266179,2023年07月16日
1500,付3押1,1室1厅1卫,55平方米,朝南,高层(共27层),精装修,普通住宅,和苑国和园,红桥 西营门街,3106366803517440,2023年07月16日
3100,付3押1,2室1厅1卫,54.5平方米,南北,共4层,精装修,普通住宅,文静里, ,3111773216006159,2023年07月16日
2100,付1押1,1室1厅1卫,60平方米,东南,高层(共28层),精装修,普通住宅,城市之光月光园(商住楼),商住楼,3114687961537537,2023年07月16日
8500,付3押1,3室2厅3卫,203.3平方米,朝南,高层(共27层),精装修,普通住宅,海逸长洲恋海园,河西 梅江,3113553156760590,2023年07月16日
2800,付3押1,2室1厅1卫,90平方米,南北,低层(共27层),精装修,普通住宅,碧桂园天誉,塘沽 大沽街,3113354097926154,2023年07月15日
12000,付3押1,3室2厅3卫,181平方米,西南,高层(共61层),豪华装修,普通住宅,天津雅颂居,河东 大王庄,3113352765121536,2023年07月16日
2400,付3押1,2室1厅1卫,60平方米,西南,高层(共7层),精装修,普通住宅,嘉祥里(河东),河东,3083229915570190,2023年07月16日
2100,付3押1,2室1厅1卫,94平方米,朝南,低层(共18层),精装修,普通住宅,华润橡树湾茗润轩,东丽 华明镇,3114802208776202,2023年07月16日
1500,付3押1,1室1厅1卫,32平方米,朝南,高层(共6层),精装修,普通住宅,南海里,河西 柳林,3113485466247168,2023年07月16日
1500,付3押1,2室2厅1卫,80平方米,朝南,低层(共24层),精装修,普通住宅,秀水馨苑,北辰 小淀,3114748791824395,2023年07月16日
2600,付3押1,2室2厅1卫,90平方米,南北,高层(共24层),精装修,普通住宅,万科海港城(三期),三期,3114865880652800,2023年07月16日
3700,付3押1,2室2厅1卫,91平方米,朝南,中层(共23层),精装修,普通住宅,融科瀚棠丰合园(滨海),滨海,3114469530804230,2023年07月16日
8000,付3押1,2室2厅2卫,149平方米,西南,低层(共61层),精装修,普通住宅,天津雅颂居,河东 大王庄,3114700516367361,2023年07月16日
4000,付3押1,3室1厅1卫,97平方米,朝南,低层(共32层),精装修,普通住宅,天房美棠美塘佳苑,河西 梅江,3114407026727937,2023年07月16日
1400,面议,1室1厅1卫,55平方米,朝南,高层(共23层),精装修,普通住宅,金才园,津南 咸水沽,3111636910349312,2023年07月16日
1600,付3押1,2室1厅1卫,55.7平方米,朝南,中层(共28层),精装修,普通住宅,宜达园,北辰 普东街,3113327362595853,2023年07月16日
1900,付3押1,2室1厅1卫,54.5平方米,东南,中层(共6层),精装修,普通住宅,微山里,河西 陈塘庄,3110699855551495,2023年07月16日
5500,付3押1,1室1厅1卫,67平方米,南北,高层(共57层),精装修,普通住宅,都会轩,和平 体育馆,3093587092480014,2023年07月16日
1900,付1押1,1室1厅1卫,52平方米,南北,高层(共6层),精装修,普通住宅,金冠里,南开 王顶堤,3112197094285317,2023年07月16日
2000,付3押1,2室1厅1卫,60平方米,南北,高层(共6层),精装修,普通住宅,同江里,河西 小海地,3114505276071943,2023年07月16日
2500,面议,2室1厅1卫,76.4平方米,南北,共5层,精装修,普通住宅,雍馨花园, ,3114837061296142,2023年07月16日
6500,付3押1,3室2厅2卫,138平方米,南北,高层(共16层),精装修,普通住宅,郡城世家,和平 南市,3114762713146375,2023年07月16日
2700,付3押1,2室1厅1卫,58.2平方米,朝南,高层(共7层),精装修,普通住宅,级升里,南开 广开街,3114545083950088,2023年07月16日
2200,付1押1,1室1厅1卫,48平方米,南北,高层(共7层),精装修,普通住宅,卫星里(河西),河西,3113327294340107,2023年07月16日
2500,付3押1,2室2厅1卫,100平方米,南北,中层(共7层),精装修,普通住宅,馨苑小区,塘沽 新港街,3112106894991371,2023年07月16日
1600,付3押1,1室1厅1卫,63平方米,南北,高层(共6层),精装修,普通住宅,金宜里,北辰 普东街,3085016471444483,2023年07月16日
2300,付3押1,1室1厅1卫,43.1平方米,西南,中层(共26层),精装修,普通住宅,城市星座,河东 春华街,3111980329131012,2023年07月16日
1400,面议,2室1厅1卫,97平方米,南北,中层(共6层),精装修,普通住宅,顺兴小区,宁河 芦台镇,3114377603638285,2023年07月16日
1300,半年付,2室1厅1卫,88平方米,朝南,低层(共17层),精装修,普通住宅,蝶恋和园,宝坻 宝平街,3113364672766991,2023年07月15日,1300,半年付,2室1厅1卫,88平方米,朝南,低层(共17层),精装修,普通住宅,蝶恋和园,宝坻 宝平街,3113364672766991,2023年07月15日
1400,面议,2室1厅1卫,97平方米,南北,中层(共6层),精装修,普通住宅,顺兴小区,宁河 芦台镇,3093177786278925,2023年07月16日
1498,付3押1,1室1厅1卫,40平方米,南北,高层(共6层),精装修,普通住宅,律笛里,河北 鸿顺里街,3068097959074817,2023年07月16日
2700,付3押1,2室1厅1卫,67.9平方米,南北,高层(共6层),精装修,普通住宅,晓春里,红桥 芥园街,3110642921380870,2023年07月16日
1400,面议,1室1厅1卫,70平方米,南北,低层(共20层),精装修,普通住宅,蓝光雍锦香颂,津南 咸水沽,3112105614859277,2023年07月16日
2100,付3押1,2室1厅1卫,80平方米,朝南,高层(共6层),精装修,普通住宅,长青北里,河北 建昌道街,3112132757791750,2023年07月16日
2200,付3押1,2室1厅1卫,89.8平方米,南北,中层(共18层),精装修,普通住宅,海山南里,东丽 张贵庄街,3114491997971470,2023年07月16日
2400,付3押1,3室2厅1卫,98平方米,南北,低层(共14层),精装修,普通住宅,社会山东苑,西青 张家窝,3114455130790927,2023年07月16日
4000,付3押1,3室2厅2卫,147.5平方米,南北,高层(共6层),精装修,普通住宅,东盈园,河东 春华街,3109055163654159,2023年07月16日
1500,付3押1,1室1厅1卫,38.2平方米,南北,中层(共6层),精装修,普通住宅,文明里,塘沽 杭州道街,3113418998324232,2023年07月16日
2800,付3押1,1室1厅1卫,65平方米,南北,低层(共32层),精装修,普通住宅,绚丽园,河东 大王庄,3113499851351041,2023年07月16日
4200,年付押1,2室1厅1卫,56平方米,南北,共5层,精装修,普通住宅,浦口东里, ,3097725946978319,2023年07月16日
2700,付3押1,2室1厅1卫,99.5平方米,南北,低层(共7层),精装修,普通住宅,瑜峰园,河北 新开河街,3114763286029322,2023年07月16日
3500,付3押1,2室2厅1卫,87.6平方米,朝南,中层(共32层),精装修,普通住宅,北开花园,红桥 大胡同街,3113107014147084,2023年07月16日
2200,面议,1室1厅1卫,52平方米,朝东,中层(共20层),精装修,普通住宅,通达尚城(商住楼),商住楼,3114789853962241,2023年07月16日
2200,面议,2室1厅1卫,85平方米,南北,高层(共28层),精装修,普通住宅,赵沽里新苑,东丽 大毕庄镇,3099253516018699,2023年07月16日
2200,付3押1,2室1厅1卫,71平方米,朝南,高层(共24层),精装修,普通住宅,佳和雅庭,西青 大寺,3114738959457293,2023年07月16日
2500,面议,3室2厅1卫,90平方米,南北,中层(共32层),精装修,普通住宅,保利上河雅颂(南区),南区,3113413535687689,2023年07月16日
2500,付3押1,2室1厅1卫,103平方米,南北,低层(共9层),精装修,普通住宅,碧水家园B区,西青 侯台,3111644155780102,2023年07月16日
3200,面议,2室1厅1卫,65平方米,南北,低层(共6层),精装修,普通住宅,沱江里,南开 嘉陵道,3113112153071621,2023年07月16日
2500,付3押1,3室2厅1卫,89平方米,东西,中层(共7层),精装修,普通住宅,万科金域国际A区,塘沽 大沽街,3111922257355778,2023年07月16日
1600,付3押1,3室2厅1卫,91平方米,南北,中层(共6层),精装修,普通住宅,凤河孔雀城,武清 大王古庄镇,3113398145392654,2023年07月16日
900,付3押1,1室0厅1卫,30平方米,朝南,共5层,精装修, ,融立方, ,3112086592592896,2023年07月16日
1200,年付,2室2厅1卫,86平方米,朝南,低层(共15层),简单装修,普通住宅,泉昇佳苑中区,武清 黄庄街,3113243991628809,2023年07月16日
1600,面议,1室1厅1卫,37平方米,朝南,中层(共6层),精装修,普通住宅,水木天成阁林园,红桥 西沽街,3114726096723976,2023年07月16日,1600,面议,1室1厅1卫,37平方米,朝南,中层(共6层),精装修,普通住宅,水木天成阁林园,红桥 西沽街,3114726096723976,2023年07月16日
2000,付3押1,2室1厅1卫,76.9平方米,南北,中层(共6层),精装修,普通住宅,花园西街小区,塘沽 解放路街,3111920412271628,2023年07月16日,2000,付3押1,2室1厅1卫,76.9平方米,南北,中层(共6层),精装修,普通住宅,花园西街小区,塘沽 解放路街,3111920412271628,2023年07月16日
3300,付3押1,2室1厅1卫,86.1平方米,朝南,中层(共18层),精装修,普通住宅,意境兰庭,东丽 空港经济区,3114570097139712,2023年07月16日
2400,付3押1,2室1厅1卫,85平方米,朝南,中层(共33层),精装修,普通住宅,宜淞园,北辰 宜兴埠,3113280000287751,2023年07月15日
1450,付3押1,1室1厅1卫,39平方米,南北,高层(共6层),精装修,普通住宅,律笛里,河北 鸿顺里街,2964366412323843,2023年07月16日
6500,付3押1,3室2厅2卫,150.4平方米,南北,低层(共26层),精装修,普通住宅,新文化花园新丽居,和平 南市,3111877491710991,2023年07月16日
1600,付3押1,2室2厅1卫,87.6平方米,朝南,高层(共7层),精装修,普通住宅,赏湖苑,东丽 东丽湖,3072509994785800,2023年07月16日
5200,付3押1,3室2厅2卫,155平方米,南北,低层(共11层),精装修,普通住宅,新华园小区,南开 八里台,3113541525118978,2023年07月16日
2000,付3押1,2室1厅1卫,85平方米,南北,高层(共25层),精装修,普通住宅,祥汇园,北辰 集贤里,3110177990369286,2023年07月16日
2800,付3押1,2室1厅1卫,99平方米,南北,高层(共7层),精装修,普通住宅,荔湾公寓,河西 越秀路,3113289877611522,2023年07月16日
3000,付3押1,2室2厅1卫,86平方米,南北,中层(共18层),精装修,普通住宅,意境兰庭,东丽 空港经济区,3113454761010178,2023年07月16日
5800,付3押1,1室1厅1卫,140平方米,东南,低层(共45层),精装修,普通住宅,凯德国贸,河西 大营门,3056652470067206,2023年07月16日
2200,付3押1,2室1厅1卫,87平方米,朝南,低层(共16层),精装修,普通住宅,鲲贝园,开发区 中新生态城,3113046740476939,2023年07月16日
900,付3押1,1室1厅1卫,30平方米,东南,共5层,精装修,普通住宅,悦光年爱车汇广场, ,3113273333701636,2023年07月16日
1500,付3押1,2室2厅1卫,85平方米,朝南,高层(共26层),精装修,普通住宅,东丽湖万科城赏溪苑,东丽 东丽湖,3113517232020481,2023年07月15日,1500,付3押1,2室2厅1卫,85平方米,朝南,高层(共26层),精装修,普通住宅,东丽湖万科城赏溪苑,东丽 东丽湖,3113517232020481,2023年07月15日
1200,付3押1,2室1厅1卫,94平方米,南北,高层(共18层),精装修,普通住宅,弘泽天泽,汉沽 汉沽街,3112068787018758,2023年07月16日
2000,付3押1,3室2厅2卫,118平方米,南北,高层(共8层),精装修,普通住宅,赏湖苑,东丽 东丽湖,3112978469624847,2023年07月16日
2200,付3押1,2室1厅1卫,87平方米,朝南,低层(共16层),精装修,普通住宅,鲲贝园,开发区 中新生态城,3114413964534785,2023年07月16日
3100,付3押1,2室1厅1卫,87平方米,南北,高层(共6层),精装修,普通住宅,美福园(二期),二期,3114401696703491,2023年07月16日
4600,付3押1,2室2厅1卫,108.7平方米,南北,高层(共9层),精装修,普通住宅,桦林园,南开 广开街,3113361450607619,2023年07月16日
2900,付3押1,2室1厅1卫,101平方米,南北,低层(共6层),精装修,普通住宅,敬贤里,河北 铁东路街,3111997224197120,2023年07月14日
3300,付3押1,2室1厅1卫,95平方米,朝南,低层(共24层),精装修,普通住宅,远洋万和城,西青 大寺,3113474453823499,2023年07月16日
2600,付3押1,3室2厅2卫,125平方米,朝东,中层(共11层),精装修,普通住宅,正荣府,北辰 宜兴埠,3105955102515205,2023年07月16日
3200,付3押1,2室2厅1卫,91平方米,南北,高层(共24层),精装修,普通住宅,天成一品一期(天成轩),天成轩,3114424262123535,2023年07月16日
2200,付3押1,2室1厅1卫,56平方米,南北,共5层,精装修,普通住宅,华山里, ,3114729892731912,2023年07月16日
3000,年付,3室2厅1卫,118平方米,南北,中层(共30层),精装修,普通住宅,国耀上河城,北辰 双街镇,3114395089724427,2023年07月16日
4100,付3押1,1室1厅1卫,75平方米,朝南,高层(共28层),精装修,普通住宅,天康园,南开 鼓楼,3110655076933640,2023年07月16日
2000,付3押1,2室1厅1卫,43平方米,朝南,低层(共6层),精装修,普通住宅,抗震里(滨海),滨海,3086257143620610,2023年07月16日
1800,付3押1,1室1厅1卫,44.4平方米,朝南,中层(共6层),精装修,普通住宅,汶川里,南开 嘉陵道,3113543841651726,2023年07月16日
2700,付3押1,2室2厅2卫,110.6平方米,南北,低层(共11层),精装修,普通住宅,世茂国风锦唐,开发区 中新生态城,3110434932597762,2023年07月16日
2400,付3押1,2室1厅1卫,69平方米,南北,高层(共6层),精装修,普通住宅,十三经路18号院,河东 大王庄,3114378013219854,2023年07月16日
7000,付3押1,3室2厅2卫,155平方米,南北,高层(共32层),精装修,普通住宅,仁恒河滨花园,河北 望海楼街,3113510705864705,2023年07月16日
1350,付3押1,1室1厅1卫,59.2平方米,朝南,低层(共25层),精装修,普通住宅,辰发花园,北辰 天穆,3113573721743366,2023年07月16日
1800,付3押1,2室2厅1卫,88平方米,南北,低层(共18层),精装修,普通住宅,雅悦华邸,滨海新区 滨海城区,3114815997320206,2023年07月16日
4700,付3押1,5室1厅2卫,140.8平方米,南北,低层(共18层),精装修,普通住宅,靓锦名居,河东 大直沽,3113453720626177,2023年07月16日
5000,付3押1,3室2厅2卫,151.9平方米,朝南,高层(共24层),精装修,普通住宅,富力津门湖云舒花园,西青 新梅江南,3110536607015951,2023年07月16日
1500,面议,2室1厅1卫,113平方米,朝南,中层(共12层),精装修,普通住宅,京津时尚广场,武清 杨村街,3110703257444363,2023年07月14日
1700,面议,2室1厅1卫,81平方米,朝南,高层(共22层),精装修,普通住宅,瑞佳家园,北辰 佳荣里街,3113089931026446,2023年07月16日
2600,付3押1,2室2厅1卫,85平方米,南北,中层(共15层),简单装修,普通住宅,万科西庐学韵园,西青 精武,3110589625443343,2023年07月16日
4500,付3押1,2室1厅1卫,101.3平方米,朝南,低层(共22层),精装修,普通住宅,气象台路95号增1号建设院家属楼,河西 天塔,3110568672517121,2023年07月16日
2700,面议,1室1厅1卫,80平方米,朝南,中层(共14层),精装修,普通住宅,泰达国际公寓,开发区 第二大街,3114567299162116,2023年07月16日
8300,付3押1,5室2厅2卫,285平方米,南北,共4层,精装修,普通住宅,碧欣园, ,3096198911401986,2023年07月16日
1400,付3押1,2室1厅1卫,78平方米,南北,高层(共32层),精装修,普通住宅,绅湖公馆,塘沽 滨海高新区,3114458287135755,2023年07月16日
2400,付3押1,2室2厅1卫,102平方米,南北,高层(共10层),精装修,普通住宅,碧水家园DE区,西青 侯台,3113090763529230,2023年07月15日
3000,付3押1,2室1厅1卫,118平方米,南北,中层(共7层),精装修,普通住宅,蝶桥公寓,河东 大直沽,3113478873291784,2023年07月16日
4000,付3押1,1室1厅1卫,82平方米,朝南,高层(共48层),精装修,普通住宅,铂津湾南苑(商住楼),商住楼,3048237626598403,2023年07月16日
5000,付3押1,2室1厅1卫,90.5平方米,南北,共5层,精装修,普通住宅,宁乐西里, ,3113577930431489,2023年07月15日
2500,付3押1,1室1厅1卫,81平方米,朝南,低层(共28层),精装修,普通住宅,旭辉御府,西青 中北,3113019539596300,2023年07月16日
4300,付3押1,2室1厅1卫,89平方米,朝南,中层(共26层),精装修,普通住宅,富力津门湖景尚嘉郡花园,西青 李七庄,3110538982023178,2023年07月16日
1500,付3押1,1室1厅1卫,40平方米,南北,高层(共8层),精装修,普通住宅,礼貌东里小区,红桥 西沽街,3111643918359567,2023年07月16日
2300,面议,2室1厅1卫,70平方米,朝东,中层(共24层),精装修,普通住宅,万汇文化广场,西青 中北,3113429241013255,2023年07月15日
3900,付3押1,3室1厅1卫,67平方米,朝南,中层(共22层),精装修, ,七贤南里(商住楼),商住楼,2921936135840773,2023年07月16日
2800,付3押1,2室1厅1卫,86平方米,南北,低层(共18层),精装修,普通住宅,意境兰庭,东丽 空港经济区,3112012381069321,2023年07月16日
1300,付3押1,3室1厅1卫,93平方米,南北,高层(共15层),精装修,普通住宅,新城悦隽风华滨斓苑,北辰 大张庄镇,3113178962894863,2023年07月16日
1500,付3押1,2室1厅1卫,76.8平方米,朝南,低层(共29层),精装修,普通住宅,城际美景,北辰 双街镇,3113476431765515,2023年07月16日
3000,付3押1,2室2厅2卫,68平方米,南北,低层(共6层),精装修,普通住宅,紫荆花园,塘沽 工农村街,3111924827808768,2023年07月16日
2400,付3押1,3室1厅1卫,110平方米,南北,高层(共18层),精装修,普通住宅,都旺新城竹芳园,北辰 果园新村,3095146551780364,2023年07月16日
1300,付3押1,2室2厅1卫,93平方米,南北,低层(共15层),精装修,普通住宅,天嘉湖花园,津南 津南八里台,3113451791458311,2023年07月16日
2900,付3押1,2室2厅1卫,90平方米,朝南,中层(共11层),精装修,普通住宅,中铁建梧桐苑,东丽 空港经济区,3114436636007431,2023年07月16日
2000,付1押1,2室1厅1卫,46平方米,朝南,高层(共6层),精装修,普通住宅,军民里,河北 鸿顺里街,3111878840769543,2023年07月16日
3000,付3押1,2室1厅1卫,100平方米,东北,高层(共32层),精装修, ,融创滨海中心,塘沽 西大沽街,3111672360868865,2023年07月16日
3000,付3押1,2室2厅1卫,85平方米,南北,低层(共33层),精装修,普通住宅,南益名悦湾,塘沽 解放路街,3114674816310279,2023年07月16日
3400,付3押1,2室1厅1卫,77.5平方米,南北,高层(共30层),精装修,普通住宅,永基花园,南开 广开街,3111627966192644,2023年07月16日
1500,面议,2室1厅1卫,77.3平方米,朝南,中层(共18层),精装修,普通住宅,新城悦隽风华滨斓苑,北辰 大张庄镇,3112110742806533,2023年07月16日
3600,付3押1,2室1厅1卫,75平方米,朝东,低层(共6层),精装修,普通住宅,平山里(北区),北区,3114778224336904,2023年07月16日
3600,付3押1,2室1厅1卫,88平方米,南北,高层(共23层),精装修,普通住宅,万科滨海大都会观塘苑,滨海新区 滨海城区,3075051527169033,2023年07月16日
2200,付3押1,1室1厅1卫,58.5平方米,朝南,中层(共7层),简单装修,普通住宅,华泰园,河北 新开河街,3072098340282372,2023年07月16日
2000,付3押1,1室1厅1卫,24.3平方米,朝南,中层(共8层),精装修,普通住宅,元兴新里,河西 桃园街,3069610739049484,2023年07月16日
2500,面议,1室1厅1卫,44.9平方米,朝南,低层(共11层),精装修,普通住宅,爱家星河花园,河北 宁园街,2892297548997640,2023年07月16日
2100,付3押1,2室1厅1卫,93平方米,朝南,中层(共32层),精装修,普通住宅,融科贻锦台,塘沽 工农村街,3113123738575884,2023年07月16日
4200,付3押1,1室1厅1卫,73.8平方米,南北,高层(共31层),精装修,普通住宅,天康园,南开 鼓楼,3113125948054534,2023年07月16日
1800,付3押1,2室2厅1卫,87.6平方米,南北,低层(共7层),精装修,普通住宅,赏湖苑,东丽 东丽湖,3112978901229579,2023年07月16日
3700,付3押1,2室1厅1卫,91.3平方米,南北,低层(共7层),精装修,普通住宅,琴海公寓,河北 光复道街,3103469578804228,2023年07月16日
4250,面议,2室1厅1卫,95.8平方米,朝南,低层(共13层),精装修,普通住宅,富贾花园,河北 宁园街,3084722328069135,2023年07月16日
2400,付3押1,2室1厅1卫,70平方米,南北,中层(共6层),精装修,普通住宅,十三经路18号院,河东 大王庄,3110179523011585,2023年07月16日
2400,付1押1,1室1厅1卫,50平方米,南北,高层(共28层),精装修,普通住宅,塞纳公馆,南开 王顶堤,3113421918182413,2023年07月16日
2400,付3押1,2室1厅0卫,91平方米,南北,中层(共6层),精装修,普通住宅,动检楼,开发区 第三大街,3097797815999495,2023年07月16日
2200,付3押1,3室1厅1卫,99平方米,南北,高层(共6层),简单装修,普通住宅,柳苑公寓,河西 柳林,3107638600934401,2023年07月15日
1850,付3押1,2室1厅1卫,66.9平方米,东南,高层(共24层),精装修,普通住宅,富瀛洲花园,河北 建昌道街,3114698099270667,2023年07月16日
1600,付3押1,2室1厅1卫,81平方米,南北,高层(共6层),简单装修,普通住宅,延川里(滨海),滨海,3108816816676870,2023年07月15日
3500,付3押1,2室1厅1卫,50平方米,朝南,共5层,简单装修,普通住宅,新三多里, ,3106428760529931,2023年07月16日
1400,面议,2室1厅1卫,97平方米,南北,高层(共24层),精装修,普通住宅,欣裕苑,塘沽 北塘街,3113228605578248,2023年07月16日
2500,付3押1,3室1厅1卫,90.4平方米,朝南,高层(共16层),精装修,普通住宅,社会山东苑,西青 张家窝,3070934683900943,2023年07月16日
2900,付3押1,2室1厅1卫,58平方米,朝南,高层(共23层),精装修,普通住宅,金盛国际,南开 鼓楼,3112050158590976,2023年07月15日
3200,付3押1,3室1厅1卫,41.2平方米,朝南,低层(共6层),简单装修,普通住宅,临平里,南开 向阳路,3106005954732041,2023年07月16日
3000,面议,3室2厅1卫,117.1平方米,南北,中层(共13层),精装修,普通住宅,瑞盈园,北辰 瑞景街,3112051992402945,2023年07月16日
2400,付3押1,2室1厅2卫,76平方米,南北,共5层, ,普通住宅,第六大道道俊华园, ,3109350886499329,2023年07月16日
1600,付1押1,1室1厅1卫,60平方米,朝南,中层(共6层),精装修,普通住宅,宇泰家园,西青 大寺,3114785672879109,2023年07月16日
3000,付3押1,2室1厅1卫,113平方米,南北,低层(共6层),精装修,普通住宅,秀丽园,河东 鲁山道,3113630098791433,2023年07月16日
2300,付3押1,1室1厅1卫,32.1平方米,东北,中层(共8层),简单装修,普通住宅,裕德里,和平 南市,3111943512759304,2023年07月16日
1400,半年付押1,2室1厅1卫,87平方米,南北,中层(共27层),精装修,普通住宅,凤河孔雀城,武清 大王古庄镇,3114890018561032,2023年07月16日
2000,付3押1,1室1厅1卫,32.5平方米,朝西,共4层,简单装修,普通住宅,五爱里, ,3107807527657472,2023年07月16日
800,年付,2室1厅1卫,80.5平方米,南北,高层(共6层),简单装修,普通住宅,安裕新村,蓟州 文昌街,3110599140598786,2023年07月16日
2500,付3押1,3室1厅1卫,90平方米,朝南,中层(共13层),精装修,普通住宅,合景领峰领世园,塘沽 渤海石油街,3113396266064902,2023年07月16日
1200,付3押1,1室1厅1卫,58平方米,朝南,高层(共18层),精装修,普通住宅,瞰海轩,滨海新区 滨海城区,3113246794423301,2023年07月16日
1400,付1押1,1室1厅1卫,37.4平方米,朝北,中层(共6层),简单装修,普通住宅,新义信里,河东 大王庄,3092144555826183,2023年07月16日
1750,付3押1,1室1厅1卫,47.4平方米,朝南,高层(共7层),简单装修,普通住宅,米兰金狮家园,河北 望海楼街,3106245146780675,2023年07月16日
1850,付3押1,1室1厅1卫,49平方米,朝南,中层(共11层),精装修,公寓,颐景公寓,东丽 空港经济区,3114527758556167,2023年07月16日
2100,付3押1,1室1厅1卫,48.6平方米,朝东,低层(共6层),简单装修,普通住宅,苏堤东里,南开 万兴街,3104636389041156,2023年07月16日
2500,付3押1,3室2厅1卫,94平方米,南北,低层(共7层),精装修,普通住宅,锦绣大家,津南 海河教育园区,3016781786459150,2023年07月16日
900,付3押1,1室1厅1卫,61平方米,南北,中层(共6层),简单装修,普通住宅,新澳花园,汉沽 河西,3104472131200006,2023年07月16日
1400,付3押1,1室1厅1卫,33平方米,朝南,低层(共6层),简单装修,普通住宅,永进楼,红桥 咸阳北路街,3108835788055563,2023年07月15日
1600,年付押1,3室2厅2卫,118平方米,南北,中层(共6层),简单装修,普通住宅,阳光小区(蓟县),蓟县,3106434855773191,2023年07月16日
1000,付3押1,1室1厅1卫,78.8平方米,朝南,高层(共26层),精装修,普通住宅,潞河丽苑,北辰 北仓,3114392850293763,2023年07月16日
1300,付3押1,2室1厅1卫,72平方米,南北,共5层,简单装修,普通住宅,永福里, ,3110287785418756,2023年07月16日,1300,付3押1,2室1厅1卫,72平方米,南北,共5层,简单装修,普通住宅,永福里, ,3110287785418756,2023年07月16日
4500,付3押1,2室2厅1卫,104平方米,南北,低层(共6层),精装修,普通住宅,东风里(河西),河西,3113312719592450,2023年07月16日
1400,付3押1,1室1厅1卫,58.4平方米,南北,中层(共6层),简单装修,普通住宅,子牙里,红桥 西于庄街,3110517519311872,2023年07月16日,1400,付3押1,1室1厅1卫,58.4平方米,南北,中层(共6层),简单装修,普通住宅,子牙里,红桥 西于庄街,3110517519311872,2023年07月16日
1500,付3押1,1室0厅1卫,46平方米,南北,共4层,精装修,普通住宅,学畔馨园, ,3114841780460544,2023年07月16日
1400,付3押1,2室1厅1卫,60平方米,南北,高层(共6层),简单装修,普通住宅,颂贤里,河北 铁东路街,3092189902364681,2023年07月16日,1400,付3押1,2室1厅1卫,60平方米,南北,高层(共6层),简单装修,普通住宅,颂贤里,河北 铁东路街,3092189902364681,2023年07月16日
1300,付3押1,1室0厅1卫,42平方米,朝南,高层(共20层),精装修,普通住宅,九洲创意园,津南 双港,3113277562674176,2023年07月16日
1500,付3押1,1室1厅1卫,61.1平方米,朝南,高层(共18层),精装修,普通住宅,荣居园,北辰 青光,3113331937353734,2023年07月16日
1600,付3押1,3室1厅1卫,92.7平方米,朝南,中层(共11层),精装修, ,赏湖苑,东丽 东丽湖,3093372580078597,2023年07月16日
1550,付3押1,2室0厅1卫,50平方米,东西,共4层,精装修, ,天辰公寓, ,2885192574753806,2023年07月16日
2200,付3押1,2室1厅1卫,40平方米,南北,高层(共6层),精装修,普通住宅,富平里,南开 向阳路,3059612294011909,2023年07月16日
1600,面议,2室2厅1卫,100平方米,南北,中层(共6层),精装修,普通住宅,怡君园,蓟州 罗庄子镇,3109221665135628,2023年07月16日
2200,付1押1,2室2厅1卫,93平方米,南北,中层(共24层),精装修,普通住宅,启航嘉园,开发区 第五大街,3114616702639111,2023年07月16日
1900,付1押1,1室1厅1卫,52平方米,南北,高层(共6层),精装修,普通住宅,盈江西里,南开 天拖南,3111964537364493,2023年07月16日
1900,付3押1,1室1厅1卫,50平方米,朝南,低层(共26层),精装修,普通住宅,云江新苑,河西 小海地,3113353849117711,2023年07月16日
1500,付3押1,2室1厅1卫,55平方米,朝北,中层(共17层),精装修,普通住宅,一商友谊广场,汉沽 河西,3101708362226698,2023年07月16日
4500,付3押1,2室2厅1卫,87.7平方米,南北,低层(共32层),精装修,普通住宅,天康园,南开 鼓楼,3112092270698511,2023年07月15日
1900,付3押1,1室1厅1卫,57平方米,朝东,低层(共23层),精装修,普通住宅,兰江新苑,河西 小海地,3113749685575691,2023年07月16日
1900,付3押1,3室1厅1卫,95平方米,南北,低层(共25层),精装修,普通住宅,盛逸园,北辰 青光,3113329458028555,2023年07月16日
2500,付3押1,3室2厅1卫,92平方米,南北,低层(共18层),精装修,普通住宅,万科金域国际C区,塘沽 渤海石油街,3111910132849667,2023年07月14日
1600,付3押1,1室1厅1卫,55平方米,朝南,中层(共30层),精装修,普通住宅,和苑梦和园,红桥 西营门街,3114726946266119,2023年07月16日
3499,付3押1,2室1厅1卫,86.6平方米,朝南,中层(共22层),精装修,普通住宅,诗景颂苑,河北 建昌道街,3088016998982658,2023年07月16日
1500,面议,3室2厅2卫,143平方米,南北,中层(共25层),精装修,普通住宅,碧桂园映月庭院,津南 津南八里台,3046572634823685,2023年07月16日
1200,付3押1,1室1厅1卫,45平方米,南北,高层(共24层),精装修,普通住宅,远洋城滨华花园,塘沽 胡家园街,3113576640619528,2023年07月16日
1500,半年付,1室1厅1卫,49平方米,南北,高层(共7层),精装修,普通住宅,汶川里,南开 嘉陵道,3113116647169030,2023年07月15日
1500,付3押1,2室1厅1卫,50平方米,南北,高层(共6层),精装修,普通住宅,凤岐里,河东 东新街,3112921725051919,2023年07月16日
1600,付3押1,1室1厅1卫,54平方米,朝南,低层(共11层),精装修,普通住宅,华润橡树湾香润轩,东丽 华明镇,3113684019387402,2023年07月15日,1600,付3押1,1室1厅1卫,54平方米,朝南,低层(共11层),精装修,普通住宅,华润橡树湾香润轩,东丽 华明镇,3113684019387402,2023年07月15日
2000,年付押1,2室2厅1卫,95.8平方米,南北,中层(共27层),精装修,普通住宅,曲院风荷,蓟州 文昌街,3087963246945285,2023年07月15日
1500,面议,1室1厅1卫,49.7平方米,南北,中层(共6层),精装修,普通住宅,金苑公寓,红桥 双环邨街,3111872946102280,2023年07月14日
2000,付3押1,2室2厅1卫,78平方米,朝南,中层(共9层),精装修,普通住宅,溪清苑,西青 中北,3112975599313933,2023年07月16日
1950,付1押1,2室1厅1卫,75平方米,南北,高层(共6层),精装修,普通住宅,昆仑北里B区,东丽 万新街,3114724574649354,2023年07月16日
2000,付3押1,1室1厅1卫,45.5平方米,朝南,高层(共31层),精装修,普通住宅,中海御湖翰苑(商住楼),商住楼,3062280602885132,2023年07月16日
3500,付3押1,1室1厅1卫,73平方米,南北,高层(共25层),精装修,普通住宅,凯摩国际公寓,南开 体育中心,3113333016192007,2023年07月16日
2000,付3押1,2室2厅1卫,98平方米,南北,共5层,精装修,普通住宅,前程里(滨海),大港 迎新街,3114751690973193,2023年07月16日
1800,付3押1,2室1厅1卫,91.4平方米,南北,高层(共29层),精装修,普通住宅,融创璟园,北辰 果园新村,3098928164052994,2023年07月16日
2700,付3押1,3室1厅1卫,87平方米,南北,高层(共21层),精装修,普通住宅,万海华府南苑,塘沽 新港街,3114713564880898,2023年07月16日
2650,付1押1,1室1厅1卫,47平方米,朝南,高层(共16层),精装修,普通住宅,晋丰大厦(商住楼),商住楼,3113321097059328,2023年07月16日
2700,付3押1,3室2厅1卫,89平方米,南北,低层(共7层),精装修,普通住宅,锦绣大家,津南 海河教育园区,2978806805339146,2023年07月16日
2000,付3押1,2室2厅1卫,100平方米,南北,中层(共6层),精装修,普通住宅,莱茵小镇美泉苑,西青 杨柳青,3113454923539459,2023年07月16日
1000,面议,2室1厅1卫,56平方米,南北,共4层,精装修,普通住宅,老棉纺家属院, ,3112047332350991,2023年07月15日
2500,付3押1,3室2厅1卫,90.4平方米,朝南,高层(共32层),精装修,普通住宅,富力尚悦居,武清 杨村街,3114736203013135,2023年07月16日
5200,面议,2室1厅1卫,92.6平方米,南北,高层(共28层),精装修,普通住宅,新都大厦小区,南开 万兴街,3113067479737353,2023年07月16日
1900,付3押1,1室1厅1卫,45平方米,朝南,低层(共29层),精装修,普通住宅,花样年喜年广场,河西 梅江南,3111927958265861,2023年07月16日
1700,付3押1,2室1厅1卫,94.3平方米,南北,中层(共6层),精装修,普通住宅,晨晖北里,大港 迎宾街,3113131838678019,2023年07月16日
6000,付3押1,3室2厅1卫,179.9平方米,南北,高层(共37层),精装修,普通住宅,紫乐名轩,河东 一号桥,3114724709901323,2023年07月16日
2300,付3押1,2室2厅1卫,82平方米,南北,低层(共14层),精装修,普通住宅,兰雅苑,东丽 新立镇,3113506358600707,2023年07月16日
2100,付3押1,2室1厅1卫,98.5平方米,南北,高层(共25层),精装修,普通住宅,胡北小镇,塘沽 新河街,3113061609299981,2023年07月16日
2500,付3押1,2室1厅1卫,90平方米,南北,共5层,精装修,普通住宅,智达里, ,3114845758153735,2023年07月16日
1800,付3押1,2室2厅1卫,108.3平方米,南北,中层(共18层),精装修,普通住宅,盛锦苑,东丽 东丽湖,3114449195328519,2023年07月16日
7200,面议,1室1厅1卫,74平方米,朝南,低层(共34层),精装修,普通住宅,犀地,和平 新兴街,3109007766971397,2023年07月16日
4300,付1押1,2室1厅1卫,122平方米,南北,高层(共15层),精装修,普通住宅,翰雅园,南开 天拖南,3110754925043714,2023年07月16日
6000,付3押1,1室1厅1卫,70.9平方米,朝南,中层(共62层),精装修,公寓,和平翰林公馆,和平 劝业场,3111978686077958,2023年07月16日
1900,付3押1,2室1厅1卫,64平方米,朝南,低层(共28层),精装修,普通住宅,和苑全和园,红桥 西营门街,3111971169821699,2023年07月16日
2500,付3押1,2室1厅1卫,62平方米,南北,中层(共6层),精装修,普通住宅,云阳西里,南开 嘉陵道,3111615287090186,2023年07月16日
2500,付1押1,2室1厅1卫,98平方米,朝南,低层(共6层),精装修,普通住宅,宇泰家园,西青 大寺,3114788714930180,2023年07月16日
1800,付3押1,2室1厅1卫,75平方米,西南,高层(共25层),精装修,普通住宅,福松源庄二期,津南 双港,3098990073994247,2023年07月15日
2400,付3押1,2室2厅1卫,109平方米,南北,中层(共6层),精装修,普通住宅,河华里,塘沽 塘沽新村街,3111577450733569,2023年07月16日
2300,付3押1,1室1厅1卫,47.3平方米,南北,中层(共6层),精装修,普通住宅,云阳西里,南开 嘉陵道,3113511178427393,2023年07月16日
3400,付3押1,2室1厅1卫,88平方米,东北,高层(共53层),精装修,普通住宅,卓越浅水湾,河东 大王庄,3111913063818244,2023年07月16日
1900,付1押1,2室1厅1卫,81平方米,朝南,高层(共6层),精装修,普通住宅,燕宇花园,西青 中北,3112175781864452,2023年07月15日
2200,付3押1,2室1厅1卫,71平方米,南北,低层(共30层),精装修,普通住宅,新城家园,塘沽 新港街,3110480301382668,2023年07月16日
5000,付3押1,2室2厅2卫,130平方米,南北,低层(共26层),精装修,普通住宅,融创奥城天玺,南开 体育中心,3101723522195460,2023年07月16日
2500,付1押1,2室2厅1卫,102平方米,南北,低层(共28层),精装修,普通住宅,红磡领世郡人才公寓,津南 双港,3114395987402756,2023年07月16日
1800,付3押1,2室1厅1卫,80平方米,南北,中层(共16层),精装修,普通住宅,王村金祥园,西青 大寺,3113462493371392,2023年07月16日
4100,付3押1,2室1厅1卫,86平方米,朝南,中层(共28层),精装修,普通住宅,铜锣湾花园,南开 鼓楼,3111635077391366,2023年07月16日
2350,付3押1,2室1厅1卫,76.8平方米,朝南,低层(共22层),精装修,普通住宅,紫云雅苑,塘沽 新港街,3109394666873867,2023年07月16日
2200,面议,3室2厅1卫,95平方米,南北,中层(共7层),精装修,普通住宅,华远景瑞海蓝城,津南 咸水沽,3113073747303432,2023年07月15日
2500,面议,1室1厅1卫,53.3平方米,南北,中层(共24层),精装修,普通住宅,风湖里,南开 学府街,3096300276669448,2023年07月16日
4000,付3押1,2室2厅1卫,87平方米,南北,低层(共29层),精装修,普通住宅,五福里,河西 陈塘庄,3114525691192325,2023年07月16日
3800,面议,2室2厅1卫,93平方米,南北,高层(共31层),精装修,其他,天浦园,河西 梅江南,3103180790341644,2023年07月16日
2000,付3押1,2室1厅1卫,98平方米,南北,中层(共12层),精装修,普通住宅,金旺南里,西青 精武,3111981933699085,2023年07月16日
2400,付3押1,3室2厅1卫,103平方米,南北,中层(共11层),精装修,普通住宅,恒大悦湖公馆,塘沽 滨海高新区,3111688304730123,2023年07月16日
3300,付3押1,2室1厅1卫,87平方米,南北,高层(共53层),豪华装修,普通住宅,卓越浅水湾,河东 大王庄,3111971524092935,2023年07月16日
2600,付3押1,3室2厅1卫,106平方米,南北,高层(共34层),精装修,普通住宅,远洋城滨瑞花园,塘沽 胡家园街,3110735684033542,2023年07月16日
3300,付3押1,2室1厅1卫,85平方米,朝东,高层(共46层),豪华装修,普通住宅,卓越浅水湾,河东 大王庄,3112006870836231,2023年07月16日
1200,付3押1,1室1厅1卫,40平方米,朝东,高层(共24层),精装修,普通住宅,普泽家园,北辰 宜兴埠,3113242737073160,2023年07月16日
1600,付3押1,2室1厅1卫,99平方米,南北,低层(共29层),精装修,普通住宅,华城馨苑,汉沽 汉沽街,3111950675403782,2023年07月16日
1000,付3押1,1室1厅1卫,78.8平方米,朝南,高层(共26层),精装修,普通住宅,潞河丽苑,北辰 北仓,3113482067420166,2023年07月16日
3300,付3押1,2室1厅1卫,85平方米,朝东,高层(共45层),豪华装修,普通住宅,卓越浅水湾,河东 大王庄,3111884745548809,2023年07月16日
2000,付3押1,3室2厅2卫,127平方米,南北,高层(共33层),精装修,普通住宅,力高阳光海岸雍海苑,开发区 中新生态城,3111693849239560,2023年07月14日
2800,面议,2室2厅1卫,80.3平方米,南北,高层(共27层),精装修,普通住宅,鸿坤原乡郡,武清 杨村街,3111709269285895,2023年07月16日
7500,付3押1,3室2厅2卫,160平方米,南北,高层(共26层),精装修,其他,时代奥城,南开 体育中心,3096027929255950,2023年07月15日
600,付3押1,1室0厅1卫,26平方米,朝南,中层(共6层),简单装修,普通住宅,高峰里,北辰 果园新村,2990436491615234,2023年07月16日
1300,付3押1,1室2厅1卫,61.5平方米,朝南,高层(共7层),简单装修,普通住宅,霞光里(北辰),北辰,3108827458380815,2023年07月16日
2500,付3押1,1室2厅2卫,48.9平方米,朝西,高层(共24层),简单装修,普通住宅,北宁湾宁宇家园(商住楼),商住楼,3105987590822925,2023年07月16日
2500,付3押1,2室1厅1卫,90平方米,南北,中层(共9层),简单装修,普通住宅,上杭花园,河东 向阳楼,3109125557739530,2023年07月13日
600,面议,1室1厅1卫,57平方米,朝南,高层(共17层),简单装修,普通住宅,金水湾花园,宝坻 霍各庄镇,3110107958190089,2023年07月16日
2300,付3押1,3室2厅1卫,112平方米,朝南,低层(共27层),简单装修,普通住宅,欧铂城小区,北辰 小淀,3107741648249868,2023年07月16日
1600,付1押1,1室1厅1卫,36.5平方米,朝西,低层(共8层),简单装修,普通住宅,辰润里,河北 鸿顺里街,3106409427033103,2023年07月16日
1300,付3押1,2室1厅1卫,60平方米,南北,高层(共6层),简单装修,普通住宅,民宜里,北辰 普东街,3105947078157324,2023年07月16日
2100,付3押1,1室1厅1卫,57.5平方米,朝东,中层(共12层),简单装修,普通住宅,琴海公寓,河北 光复道街,3107612494060557,2023年07月16日
1900,付3押1,2室1厅1卫,90平方米,南北,共5层,简单装修,普通住宅,水岸华庭(津南),津南 咸水沽,3105991532912644,2023年07月15日
2000,付3押1,2室1厅1卫,69平方米,朝南,高层(共6层),简单装修,普通住宅,津塘路2号楼,河东 大王庄,3110176967615490,2023年07月16日
1300,付3押1,1室1厅1卫,48平方米,朝南,高层(共6层),简单装修,普通住宅,阳安里,河东 向阳楼,3109092730232845,2023年07月15日
1500,付3押1,2室1厅1卫,72平方米,南北,高层(共6层),简单装修,普通住宅,黄岩里,河东 二号桥,3110173502513152,2023年07月16日
2800,付3押1,1室1厅1卫,35平方米,东西,共3层,精装修,其他,大理道小区, ,3104615042899973,2023年07月16日
1700,付3押1,2室1厅1卫,82平方米,东西,高层(共7层),简单装修,普通住宅,宜君北里,南开 向阳路,3104548016988174,2023年07月12日
2400,付3押1,2室1厅1卫,38平方米,朝南,高层(共6层),精装修,普通住宅,文化村小区,和平 南营门,3110293525848077,2023年07月16日
1200,付3押1,1室1厅1卫,35平方米,朝南,高层(共6层),简单装修,普通住宅,芥园里,南开 向阳路,3104923157192715,2023年07月16日
1700,付3押1,1室1厅1卫,45平方米,朝东,低层(共7层),简单装修,普通住宅,日方里,河北 鸿顺里街,3106175842951178,2023年07月16日
2400,付3押1,2室1厅1卫,58.3平方米,南北,高层(共6层),简单装修,普通住宅,林苑西里,南开 王顶堤,3110513645003782,2023年07月16日
1800,付3押1,1室1厅1卫,34平方米,朝南,低层(共6层),精装修,普通住宅,互助南里,河东 中山门,3108978355102725,2023年07月16日
2500,付3押1,1室1厅1卫,60平方米,朝南,高层(共18层),简单装修,普通住宅,世家新苑,和平 新兴街,3106320079266818,2023年07月16日
1800,付3押1,1室1厅1卫,23.9平方米,朝南,中层(共6层),精装修,普通住宅,彩霞里,南开 向阳路,3092098968658945,2023年07月16日
1600,付3押1,2室1厅1卫,60.4平方米,南北,高层(共6层),简单装修,普通住宅,满江北里,河北 靖江路街,3107301874689034,2023年07月15日
1800,付3押1,1室1厅1卫,42.9平方米,朝西,高层(共6层),简单装修,普通住宅,风湖里,南开 学府街,3105158224700416,2023年07月16日
4500,付3押1,2室2厅1卫,102平方米,南北,共5层,简单装修,普通住宅,凯立天香家园, ,3111621399731214,2023年07月15日
2700,付3押1,2室1厅1卫,55.5平方米,南北,中层(共6层),简单装修,普通住宅,民族楼,红桥 铃铛阁街,3106540025192457,2023年07月16日
3900,付3押1,1室1厅1卫,73.9平方米,东南,高层(共25层), , ,凯摩国际公寓,南开 体育中心,2708701175784455,2023年07月16日
2100,付3押1,1室1厅1卫,53平方米,朝南,低层(共18层),简单装修,普通住宅,和瑞园,西青 李七庄,3096130628345870,2023年07月14日
1500,付3押1,1室1厅1卫,48.2平方米,朝南,高层(共6层),简单装修,普通住宅,珠峰里,河西 小海地,3110767329092617,2023年07月16日
2300,付3押1,3室1厅1卫,92平方米,朝南,高层(共33层),简单装修,普通住宅,北宁湾宁宇家园,河北 铁东路街,3109214169373710,2023年07月16日
1700,付3押1,2室1厅1卫,55平方米,南北,低层(共6层),简单装修,普通住宅,宁城楼,红桥 咸阳北路街,3107718374252546,2023年07月16日
1400,付3押1,1室1厅1卫,46平方米,南北,高层(共7层),简单装修,普通住宅,正德里,塘沽 塘沽新村街,3110437408596999,2023年07月16日
